Internship_id,Intrnship_Title,Education_Required
A1,HR Admin,
A2,HR Admin,
A3,Human Resources,
A4,Recruitment Consultant,
A5,Human Resources,
A6,Human Resources,
A7,Human Resources,
A8,Human Resources,
A9,Human Resources,
A10,Human Resources,
A11,Human Resources,
A12,Human Resources,
A13,Human Resources,
A14,Human Resources,
A15,Talent Acquisition,
A16,Recruitment,
A17,HR Operations,
A18,HR Trainee,
A19,Human Resources,
A20,Human Resources,
A21,Human Resources,
A22,Human Resources,
A23,Human Resources,
A24,Human Resources,
A25,Human Resources,
A26,HR Admin,
A27,Human Resources,
A28,HR Generalist,
A29,Human Resources,
A30,Human Resources,
A31,Human Resources,
A32,Human Resources,
A33,Human Resources,
A34,Talent Acquisition,
A35,Talent Acquisition,
A36,Human Resources,
A37,Human Resources,
A38,Human Resources,
A39,Human Resources,
A40,Human Resources,
A41,Recruitment Consultant,
A42,Talent Acquisition,
A43,Human Resources,
A44,Talent Acquisition,
A45,Talent Acquisition,
A46,Recruitment,
A47,Talent Acquisition,
A48,Campus Relations,
A49,Talent Acquisition,
A50,Human Resources,
A51,Human Resources,
A52,Recruitment,
A53,Recruitment,
A54,Recruitment Consultant,
A55,Human Resources,
A56,Human Resources,
A57,Human Resources,
A58,Human Resources,
A59,Human Resources,
A60,Human Resources,
A61,Human Resources,
A62,Human Resources,
A63,HR Admin,
A64,Recruitment,
A65,HR Operations,
A66,Recruitment,
A67,Recruitment,
A68,Human Resources,
A69,HR,
A70,Human Resources,
A71,Human Resources,
A72,Human Resources,
A73,Human Resources,
A74,Human Resources,
A75,Recruitment,
A76,Recruitment,
A77,Human Resources,
A78,Recruitment,
A79,Talent Acquisition,
A80,Recruitment,
A81,Human Resources,
A82,Recruitment,
A83,Human Resources,
A84,Human Resources,
A85,Human Resources,
A86,Human Resources,
A87,Talent Acquisition,
A88,Recruitment,
A89,Human Resources,
A90,Human Resources,
A91,Recruitment,
A92,Human Resources,
A93,HR Operations,
A94,Recruitment Consultant,
A95,Talent Acquisition,
A96,Associate Recruiter,
A97,Recruitment,
A98,Human Resources,
A99,Human Resources,
A100,Recruitment,
A101,Human Resources,
A102,Human Resources,
A103,Human Resources,
A104,HR Generalist,
A105,Human Resources,
A106,Human Resources,
A107,Human Resources,
A108,Talent Acquisition,
A109,Human Resources,
A110,HR Psychology,
A111,Recruitment,
A112,Recruitment,
A113,Human Resources,
A114,Human Resources,
A115,Human Resources,
A116,HR Generalist,
A117,Human Resources,
A118,Human Resources,
A119,HR Generalist,
A120,HR Solutions Analyst,
A121,HR,
A122,HR,
A123,Human Capital Associate,
A124,Human Resources,Graduate
A125,Human Resources,Graduate
A126,Human Resources,B.Com
A126,Human Resources,BA
A127,Recruitment,B.Com
A127,Recruitment,BMS
A128,Recruitment,Diploma
A128,Recruitment,Graduate
A129,Recruitment,Business Administration
A130,Talent Acquisition,Graduate
A131,HR,MBA
A131,HR,PGDM
A131,HR,Master's
A132,Recruitment,Business Administration
A132,Recruitment,Psychology
A133,HR,BBA
A133,HR,HR
A134,HR Admin,Graduate
A135,HR Intern,Graduate
A136,HR Intern,Graduate
A137,HR Intern,Graduate
A138,HR Intern,B.Com
A139,HR Intern,BA
A140,HR Recruiter Intern,B.Com
A141,HR Recruiter Intern,BMS
A142,Talent Acquisition Intern,Diploma
A143,Talent Acquisition Intern,B.Com
A144,Talent Acquisition Intern,12th Pass
A145,Talent Acquisition Intern,Graduate
A146,HR Recruiter Intern,Graduate (HR / Business Administration)
A147,HR Recruiter Intern,Graduate
A148,HR & Digital Marketing Intern,MBA
A149,HR & Digital Marketing Intern,PGDM
A150,HR & Digital Marketing Intern,M.Com
A151,HR Recruiter Intern,Graduate (HR / Business Administration / Psychology)
A152,HR Intern,Graduate (HR / Business Administration / Psychology)
A153,HR Intern,Graduate (HR / Business Administration / Psychology)
A154,HR Intern,Graduate (Business/HR)
A155,HR Coordination Intern,Graduate
A156,HR Coordination Intern,Final-year Student
A157,Campus Relations,
A158,Human Resources,
A159,HR,MBA
A160,Human Resources,MBA
A161,Human Resources,
A162,Human Resources,Graduate
A163,Talent Acquisition,MBA
A163,Talent Acquisition,BBA
A163,Talent Acquisition,Graduate
A164,Recruitment,
A165,HR trainee,MBA
A166,Human Resources,
A167,Human Resources,MBA
A168,Human Resources,
A169,Human Resources,
A170,Human Resources,Master's Degree
A170,Human Resources,Bachelor's Degree
A171,Human Resources,
A172,Human Resources,MBA
A173,Human Resources,MBA
A173,Human Resources,BBA
A174,Human Resources,
A175,Human Resources,MBA
A176,Human Resources,MBA
A177,Human Resources,MBA
A177,Human Resources,Postgraduate
A177,Human Resources,Any Degree
A177,Human Resources,Graduate
A178,Recruitment,
A179,Talent Acquisition,
A180,Human Resources,
A181,Human Resources,
A182,Talent Acquisition,
A183,Human Resources,
A184,Human Resources,
A185,HR Psychology,Bachelor's Degree
A186,Human Resources,
A187,Human Resources,
A188,Human Resources,
A189,Human Resources,
A190,Human Resources,
A191,Talent Acquisition,MBA
A192,Human Resources,
A193,Human Resources,
A194,HR Generalist,
A195,Human Resources,
A196,HR admin,
A197,Talent Acquisition,MBA
A197,Talent Acquisition,BBA
A197,Talent Acquisition,Postgraduate
A197,Talent Acquisition,Graduate
A198,Recruitment Consultant,MBA
A198,Recruitment Consultant,Graduate
A199,Human Resources,
A200,Talent Acquisition,MBA
A201,Talent Acquisition,
A202,Recruitment,
A203,Talent Acquisition,
A204,Campus Relations,MBA
A205,Recruitment Consultant,
A206,Talent Acquisition,
A207,Human Resources,
A208,Human Resources,
A209,Recruitment,
A210,Recruitment,MBA
A211,Talent Acquisition,MBA
A212,Human Resources,MBA
A213,Talent Acquisition,
A214,Talent Acquisition,
A215,Human Resources,
A216,Human Resources,Graduate
A217,Human Resources,
A218,Human Resources,
A219,Recruitment Consultant,
A220,Recruitment,
A221,Recruitment Consultant,
A222,Recruitment,
A223,Human Resources,
A224,Human Resources,Any Degree
A224,Human Resources,Graduate
A225,Human Resources,
A226,Recruitment,
A227,Human Resources,
A228,Human Resources,MBA
A228,Human Resources,BBA
A229,Human Resources,MBA
A229,Human Resources,BBA
A229,Human Resources,Graduate
A230,Human Resources,
A231,Human Resources,MBA
A232,HR admin,
A233,Recruitment,Bachelor's Degree
A234,Recruitment,Bachelor's Degree
A234,Recruitment,Graduate
A235,HR,
A236,Human Resources,MBA
A236,Human Resources,BBA
A237,Human Resources,
A238,Recruitment,
A239,Recruitment,
A240,Human Resources,MBA
A240,Human Resources,Master's Degree
A240,Human Resources,Bachelor's Degree
A241,Recruitment,MBA
A241,Recruitment,BBA
A241,Recruitment,B.Tech
A242,Talent Acquisition,MBA
A243,Recruitment,
A244,Human Resources,
A245,Recruitment,
A246,Human Resources,MBA
A247,Human Resources,
A248,Talent Acquisition,
A249,Recruitment,
A250,Human Resources,
A251,Human Resources,
A252,Human Resources,
A253,Human Resources,
A254,Human Resources,
A255,Recruitment,
A256,Human Resources,
A257,Recruitment,MBA
A257,Recruitment,BBA
A257,Recruitment,Any Degree
A257,Recruitment,Graduate
A258,Human Resources,
A259,Human Resources,
A260,Recruitment,
A261,Human Resources,
A262,Talent Acquisition,
A263,Human Resources,
A264,Recruitment,
A265,Human Resources,MBA
A266,Human Resources,
A267,HR operations,Bachelor's Degree
A268,Human Resources,
A269,Human Resources,
A270,Human Resources,
A271,Recruitment,Any Degree
A271,Recruitment,Graduate
A272,Recruitment Consultant,
A273,Human Resources,
A274,Talent Acquisition,
A275,Associate Recruiter,Master's Degree
A275,Associate Recruiter,Bachelor's Degree
A276,Human Resources,
A277,Recruitment,
A278,Human Resources,MBA
A279,Recruitment,MBA
A280,Human Resources,
A281,Human Resources,
A282,Human Resources,MBA
A283,Human Resources,
A284,HR operations,
A285,Human Resources,MBA
A286,Human Resources,MBA
A286,Human Resources,BBA
A287,Human Resources,
A288,Human Resources,
A289,Human Resources,
A290,HR Psychology,
A291,Recruitment,
A292,Human Resources,
A293,Human Resources,
A294,Human Resources,
A295,HR Generalist,
A296,Human Resources,Graduate
A297,Human Resources,MBA
A298,Human Resources,
A299,Talent Acquisition,
A300,Human Resources,
A301,Talent Acquisition,
A302,Recruitment,MBA
A303,Human Resources,Master's Degree
A303,Human Resources,Bachelor's Degree
A304,Human Resources,
A305,Talent Acquisition,
A306,Talent Acquisition,
A307,Human Resources,
A308,Talent Acquisition,Bachelor's Degree
A309,Recruitment,Bachelor's Degree
A310,Recruitment Consultant,
A311,Human Resources,
A312,Human Resources,MBA
A313,Human Resources,Graduate
A314,Recruitment,
A315,Human Resources,Master's Degree
A315,Human Resources,Bachelor's Degree
A316,Human Resources,MBA
A317,Human Resources,
A318,Human Resources,MBA
A318,Human Resources,BBA
A319,Human Resources,MBA
A320,Human Resources,
A321,Recruitment Consultant,
A322,Human Resources,
A323,Human Resources,Graduate
A324,Human Resources,
A325,Human Resources,Master's Degree
A325,Human Resources,Bachelor's Degree
A325,Human Resources,Graduate
A326,Human Resources,
A327,Recruitment,
A328,Talent Acquisition,
A329,Talent Acquisition,
A330,Talent Acquisition,
A331,Human Resources,
A332,Recruitment,
A333,Human Resources,Bachelor's Degree
A333,Human Resources,B.Tech
A334,Recruitment Consultant,
A335,Human Resources,MBA
A335,Human Resources,Graduate
A336,Recruitment,
A337,Recruitment,
A338,Human Resources,
A339,Recruitment,
A340,Recruitment,
A341,Human Resources,MBA
A342,Human Resources,
A343,Human Resources,
A344,Recruitment,Graduate
A345,Human Resources,
A346,Talent Acquisition,
A347,Human Resources,
A348,HR Psychology,
A349,Recruitment,Bachelor's Degree
A350,Human Resources,
A351,Talent Acquisition,MBA
A351,Talent Acquisition,BBA
A351,Talent Acquisition,Any Degree
A351,Talent Acquisition,Graduate
A352,HR Intern,
A353,Human Resources,
A354,Human Resources,MBA
A354,Human Resources,BBA
A354,Human Resources,Bachelor's Degree
A355,Recruitment,
A356,Talent Acquisition,Bachelor's Degree
A357,Human Resources,MBA
A358,Recruitment,
A359,Recruitment,
A360,Human Resources,
A361,Recruitment,
A362,Human Resources,Master's Degree
A362,Human Resources,Bachelor's Degree
A363,Human Resources,
A364,Talent Acquisition,Postgraduate
A364,Talent Acquisition,Graduate
A365,Human Resources,
A366,Human Resources,
A367,Recruitment,
A368,Human Resources,MBA
A369,Talent Acquisition,MBA
A370,Human Resources,
A371,Recruitment,
A372,Human Resources,MBA
A373,Human Resources,
A374,Human Resources,
A375,Human Resources,
A376,Talent Acquisition,MBA
A377,Human Resources,
A378,Recruitment,MBA
A379,Human Resources,
A380,Talent Acquisition,
A381,HR admin,
A382,Talent Acquisition,
A383,Human Resources,
A384,Human Resources,Bachelor's Degree
A385,HR,
A386,Human Resources,MBA
A387,Human Resources,MBA
A388,Human Resources,Graduate
A389,Human Resources,Graduate
A390,Talent Acquisition,Any Degree
A390,Talent Acquisition,Graduate
A391,Human Resources,
A392,Human Resources,
A393,HR,MBA
A393,HR,Bachelor's Degree
A394,Human Resources,MBA
A395,Human Resources,
A396,Human Resources,
A397,Talent Acquisition,
A398,Recruitment,
A399,Talent Acquisition,
A400,Human Resources,MBA
A400,Human Resources,BBA
A400,Human Resources,Graduate
A401,Human Resources,
A402,Talent Acquisition,
A403,Human Resources,
A404,HR admin,
A405,Recruitment,
A406,Human Resources,MBA
A406,Human Resources,Master's Degree
A406,Human Resources,Bachelor's Degree
A406,Human Resources,Graduate
A407,Human Resources,
A408,Human Resources,
A409,Human Resources,MBA
A410,Human Resources,MBA
A411,Human Resources,
A412,Human Resources,
A413,Human Resources,
A414,Talent Acquisition,Graduate
A415,Human Resources,
A416,Human Resources,
A417,Human Resources,MBA
A418,Human Resources,MBA
A419,Human Resources,
A420,Recruitment,
A421,Human Resources,
A422,Human Resources,
A423,Human Resources,MBA
A424,Human Resources,MBA
A425,Recruitment Consultant,
A426,Recruitment,Postgraduate
A426,Recruitment,Graduate
A427,Human Resources,
A428,Human Resources,MBA
A429,Human Resources,Master's Degree
A429,Human Resources,Bachelor's Degree
A430,Human Resources,Graduate
A431,Human Resources,
A432,Human Resources,
A433,HR,
A434,Human Resources,MBA
A435,Human Resources,
A436,HR,
A437,Human Resources,MBA
A438,Human Resources,
A439,Talent Acquisition,
A440,Human Resources,
A441,Human Resources,
A442,Human Resources,
A443,Human Resources,
A444,Talent Acquisition,
A445,Human Resources,
A446,Recruitment,
A447,Human Resources,
A448,HR Intern,
A449,Human Resources,
A450,Human Resources,
A451,Talent Acquisition,
A452,Human Resources,
A453,Human Resources,
A454,Recruitment,MBA
A454,Recruitment,Master's Degree
A454,Recruitment,Graduate
A455,Talent Acquisition,
A456,Human Resources,
A457,Human Resources,
A458,Recruitment,
A459,Recruitment,Postgraduate
A459,Recruitment,Graduate
A460,HR,
A461,Human Resources,
A462,Human Resources,
A463,Recruitment,
A464,Talent Acquisition,MBA
A464,Talent Acquisition,BBA
A465,Talent Acquisition,
A466,Human Resources,
A467,Recruitment,
A468,Human Resources,
A469,Human Resources,
A470,HR operations,
A471,Recruitment,
A472,Human Resources,MBA
A473,Human Resources,
A474,Human Resources,
A475,Talent Acquisition,
A476,HR Intern,
A477,Human Resources,
A478,Human Resources,MBA
A479,Recruitment,
A480,Talent Acquisition,MBA
A481,Human Resources,
A482,Human Resources,
A483,Human Resources,
A484,Recruitment Consultant,
A485,Human Resources,
A486,Human Resources,MBA
A486,Human Resources,BBA
A487,HR operations,
A488,Human Resources,MBA
A488,Human Resources,BBA
A489,Human Resources,
A490,Human Resources,
A491,Talent Acquisition,
A492,Human Resources,
A493,Human Resources,Master's Degree
A493,Human Resources,Bachelor's Degree
A494,Human Resources,
A495,Human Resources,
A496,Human Resources,
A497,Talent Acquisition,
A498,HR operations,MBA
A498,HR operations,Bachelor's Degree
A499,Human Resources,
A500,Human Resources,MBA
A501,Human Resources,
A502,HR,
A503,Recruitment,
A504,Human Resources,Graduate
A505,Recruitment,
A506,Human Resources,
A507,Human Resources,
A508,HR,MBA
A508,HR,Graduate
A509,Human Resources,
A510,Human Resources,
A511,Human Resources,
A512,Human Resources,
A513,Human Resources,
A514,Recruitment,Master's Degree
A514,Recruitment,Bachelor's Degree
A515,Recruitment,
A516,Talent Acquisition,
A517,Human Resources,
A518,Human Resources,
A519,HR,
A520,Human Resources,Master's Degree
A520,Human Resources,Bachelor's Degree
A520,Human Resources,Graduate
A521,Recruitment Consultant,
A522,Human Resources,
A523,HR,
A524,Recruitment,
A525,HR,
A526,Human Resources,Master's Degree
A526,Human Resources,Bachelor's Degree
A527,Talent Acquisition,MBA
A527,Talent Acquisition,Bachelor's Degree
A528,Talent Acquisition,
A529,HR,
A530,Talent Acquisition,
A531,HR trainee,Master's Degree
A531,HR trainee,Bachelor's Degree
A532,Human Resources,
A533,Talent Acquisition,
A534,Human Resources,
A535,Human Resources,
A536,Human Resources,MBA
A537,Recruitment,
A538,Recruitment,MBA
A539,Human Resources,MBA
A540,Talent Acquisition,MBA
A540,Talent Acquisition,Graduate
A541,HR trainee,
A542,Human Resources,
A543,HR,
A544,Recruitment,
A545,Human Resources,
A546,Recruitment,
A547,Human Resources,
A548,Human Resources,Master's Degree
A548,Human Resources,Bachelor's Degree
A549,Recruitment,
A550,Recruitment Consultant,Bachelor's Degree
A551,Human Resources,
A552,Human Resources,Bachelor's Degree
A553,Recruitment Consultant,
A554,Talent Acquisition,
A555,Human Resources,
A556,Recruitment Consultant,MBA
A556,Recruitment Consultant,Master's Degree
A556,Recruitment Consultant,Bachelor's Degree
A557,HR,
A558,Human Resources,
A559,Talent Acquisition,
A560,Recruitment Consultant,
A561,HR admin,
A562,Human Resources,
A563,Human Resources,
A564,Human Resources,
A565,Talent Acquisition,MBA
A565,Talent Acquisition,Bachelor's Degree
A566,Human Resources,
A567,Recruitment,
A568,Recruitment,MBA
A568,Recruitment,Graduate
A569,Recruitment,
A570,Recruitment,
A571,Recruitment,MBA
A571,Recruitment,Graduate
A572,HR Intern,Bachelor's Degree
A573,Human Resources,
A574,Human Resources,
A575,Human Resources,
A576,Recruitment,Graduate
A577,Human Resources,
A578,Talent Acquisition,
A579,Human Resources,
A580,Human Resources,
A581,Human Resources,
A582,Talent Acquisition,
A583,Human Resources,
A584,Talent Acquisition,
A585,Human Resources,MBA
A585,Human Resources,BBA
A586,Recruitment,
A587,Human Resources,
A588,Human Resources,
A589,Human Resources,
A590,Human Resources,
A591,Human Resources,
A592,Human Resources,MBA
A593,Human Resources,MBA
A594,Talent Acquisition,
A595,Human Resources,
A596,Human Resources,MBA
A597,Human Resources,
A598,Recruitment,
A599,Human Resources,
A600,Human Resources,
A601,Human Resources,
A602,Human Resources,
A603,Recruitment,
A604,Human Resources,
A605,Human Resources,
A606,Human Resources,MBA
A607,HR,
A608,Human Resources,MBA
A609,Human Resources,MBA
A610,Human Resources,
A611,Human Resources,Postgraduate
A611,Human Resources,Graduate
A612,Recruitment Consultant,
A613,Talent Acquisition,MBA
A613,Talent Acquisition,Graduate
A614,Human Resources,MBA
A614,Human Resources,Bachelor's Degree
A615,Human Resources,MBA
A615,Human Resources,BBA
A616,Human Resources,
A617,Talent Acquisition,MBA
A618,Human Resources,
A619,Human Resources,
A620,Human Resources,
A621,Human Resources,
A622,HR Intern,
A623,HR Intern,
A624,HR Solution Analyst,
A625,Human Resources,
A626,HR,
A627,HR,
A628,Human Resources,MBA
A629,Human Resources,
A630,HR,
A631,HR,MBA
A632,Human Resources,
A633,HR,
A634,HR,
A635,HR,MBA
A636,HR,
A637,HR operations,
A638,HR,
A639,HR,
A640,Campus Relations,
A641,HR operations,
A642,Human Resources,
A643,Human Resources,MBA
A644,Human Resources,
A645,HR,
A646,HR operations,
A647,HR,
A648,HR operations,
A649,HR,MBA
A650,HR,MBA
A651,HR,MBA
A651,HR,B.Tech
A651,HR,Graduate
A652,HR,
A653,HR,MBA
A654,HR,MBA
A655,HR,
A656,Human Resources,
A657,Talent Acquisition,MBA
A658,HR,
A659,Talent Acquisition,
A660,HR,
A661,HR operations,
A662,HR,
A663,HR,
A664,HR,
A665,HR,
A666,Human Resources,
A667,HR,MBA
A668,Recruitment,
A669,HR,
A670,Talent Acquisition,
A671,HR operations,
A672,HR operations,MBA
A672,HR operations,Any Degree
A672,HR operations,Graduate
A673,HR,MBA
A674,Recruitment,
A675,Recruitment,
A676,HR,
A677,Recruitment,MBA
A678,HR,
A679,HR,MBA
A680,Recruitment,MBA
A681,HR Solution Analyst,
A682,HR,
A683,Talent Acquisition,
A684,Human Resources,
A685,Talent Acquisition,
A686,HR,
A687,HR Intern,
A688,HR,Graduate
A689,HR,
A690,Talent Acquisition,
A691,HR operations,
A692,HR,
A693,HR,
A694,HR,
A695,HR,
A696,HR,
A697,HR,
A698,HR,
A699,Human Resources,MBA
A700,HR,
A701,HR,
A702,Human Resources,Bachelor's Degree
A703,HR trainee,MBA
A704,HR,MBA
A705,HR,
A706,Recruitment,
A707,HR,
A708,HR,
A709,HR,
A710,HR operations,
A711,HR operations,
A712,Human Resources,MBA
A713,HR trainee,
A714,HR,MBA
A714,HR,Bachelor's Degree
A715,Human Resources,
A716,HR Intern,
A717,Human Resources,
A718,HR Intern,
A719,HR operations,
A720,Recruitment,
A721,HR,
A722,HR,
A723,HR,MBA
A724,Human Capital Associate,
A725,Recruitment,
A726,HR,
A727,HR,
A728,Human Resources,
A729,HR,
A730,HR operations,
A731,HR,MBA
A732,HR,
A733,HR Solution Analyst,
A734,Recruitment,
A735,HR,
A736,HR,
A737,HR,
A738,Talent Acquisition,Bachelor's Degree
A739,HR,MBA
A740,HR,
A741,HR,
A742,HR,
A743,HR operations,
A744,HR,
A745,HR,
A746,HR,
A747,HR Intern,
A748,HR operations,
A749,HR operations,
A750,Talent Acquisition,MBA
A751,HR Intern,
A752,HR operations,
A753,Human Resources,
A754,Human Resources,
A755,HR,
A756,HR Intern,
A757,HR,
A758,Talent Acquisition,MBA
A759,HR,
A760,HR trainee,MBA
A761,HR,
A762,HR,
A763,HR trainee,MBA
A763,HR trainee,Graduate
A764,HR operations,
A765,Human Resources,MBA
A765,Human Resources,Graduate
A766,HR,
A767,HR operations,
A768,HR trainee,
A769,HR Intern,
A770,HR,MBA
A771,HR operations,
A772,HR,
A773,HR,
A774,HR operations,MBA
A775,Human Capital Associate,
A776,HR,
A777,HR,
A778,HR Intern,
A779,HR operations,MBA
A779,HR operations,Bachelor's Degree
A780,HR Intern,MBA
A781,HR Intern,MBA
A782,HR Intern,
A783,HR operations,MBA
A783,HR operations,Bachelor's Degree
A784,HR Intern,
A785,Recruitment,
A786,HR,MBA
A787,HR,MBA
A788,Human Resources,MBA
A789,HR Intern,
A790,HR,
A791,HR Intern,MBA
A792,HR Intern,MBA
A793,HR operations,
A794,HR Intern,
A795,HR Intern,MBA
A796,HR Intern,
A797,HR Intern,
A798,HR Intern,MBA
A798,HR Intern,Bachelor's Degree
A799,HR Intern,
A800,HR Intern,
A801,HR Intern,MBA
A802,HR Intern,
A803,HR Intern,
A804,HR Intern,
A805,Recruitment,Bachelor's Degree
A805,Recruitment,Graduate
A806,HR Intern,
A807,HR Intern,MBA
A808,HR Intern,
A809,HR Intern,MBA
A809,HR Intern,Graduate
A810,HR,
A811,HR Intern,
A812,HR Intern,
A813,Campus Relations,
A814,HR Intern,
A815,HR Intern,Master's Degree
A815,HR Intern,Bachelor's Degree
A816,HR Intern,
A817,HR Intern,
A818,HR Intern,
A819,HR Intern,
A820,HR Intern,
A821,HR Intern,
A822,HR Intern,Master's Degree
A822,HR Intern,Bachelor's Degree
A823,HR Intern,
A824,HR Intern,
A825,HR Intern,
A826,HR Intern,
A827,HR trainee,
A828,HR Intern,
A829,HR Intern,
A830,HR Intern,
A831,HR Intern,
A832,HR trainee,MBA
A833,HR Intern,
A834,HR Intern,
A835,HR Intern,
A836,HR Intern,
A837,HR Intern,MBA
A838,HR Intern,
A839,HR Intern,
A840,HR Intern,
A841,HR Intern,MBA
A842,HR Intern,
A843,HR Intern,MBA
A844,HR Intern,
A845,HR Intern,
A846,HR Intern,MBA
A846,HR Intern,BBA
A846,HR Intern,Graduate
A847,HR Intern,MBA
A848,HR Intern,MBA
A849,HR Intern,
A850,HR,
A851,Human Resources,
A852,HR Intern,MBA
A853,HR Intern,MBA
A854,HR trainee,
A855,HR Intern,
A856,HR Intern,MBA
A856,HR Intern,Graduate
A857,HR Intern,
A858,HR Intern,MBA
A859,HR Intern,
A860,HR Intern,
A861,HR Intern,
A862,HR Intern,Graduate
A863,HR Intern,MBA
A864,HR Intern,
A865,Campus Relations,
A866,Human Resources,MBA
A866,Human Resources,Graduate
A867,HR Intern,
A868,Campus Relations,
A869,Campus Relations,
A870,Campus Relations,
A871,Campus Relations,
A872,Campus Relations,
A873,Campus Relations,
A874,HR,
A875,HR Intern,
A876,HR recruiter intern,
A877,HR Intern,MBA
A878,HR Intern,
A879,HR Intern,
A880,HR Intern,
A881,HR Intern,
A882,HR,
A883,HR Intern,
A884,HR Intern,
A885,HR Intern,MBA
A886,Human Resources,
A887,HR Intern,
A888,HR Intern,
A889,HR Intern,MBA
A889,HR Intern,Graduate
A890,HR,
A891,HR Intern,
A892,HR trainee,MBA
A893,HR Intern,MBA
A894,HR Intern,MBA
A895,HR Intern,MBA
A896,HR,
A897,HR,
A898,HR Intern,MBA
A898,HR Intern,Bachelor's Degree
A899,HR trainee,
A900,HR Intern,
A901,Recruitment,Bachelor's Degree
A902,HR Intern,MBA
A903,HR Intern,MBA
A904,HR Intern,
A905,HR Intern,
A906,HR recruiter intern,
A907,Human Resources,
A908,HR Intern,MBA
A909,HR Intern,Bachelor's Degree
A910,HR trainee,MBA
A911,HR Generalist,MBA
A911,HR Generalist,Any Degree
A911,HR Generalist,Graduate
A912,HR Intern,
A913,HR Intern,MBA
A913,HR Intern,Graduate
A914,HR Intern,
A915,HR Intern,MBA
A916,HR,
A917,HR,
A918,Talent Acquisition,MBA
A919,Human Resources,
A920,HR,B.Tech
A921,Human Resources,
A922,Human Resources,
A923,HR Intern,MBA
A924,HR Intern,
A925,HR Intern,
A926,Human Resources,
A927,Talent Acquisition,MBA
A927,Talent Acquisition,Postgraduate
A927,Talent Acquisition,Bachelor's Degree
A927,Talent Acquisition,Graduate
A928,HR Intern,
A929,HR,
A930,Human Resources,
A931,HR,
A932,Human Resources,
A933,Recruitment Consultant,
A934,HR Intern,
A935,HR Intern,
A936,HR recruiter intern,
A937,Recruitment,
A938,HR,
A939,HR Intern,MBA
A940,Human Resources,
A941,HR,
A942,Human Resources,
A943,HR,
A944,HR Intern,
A945,Associate Recruiter,
A946,HR Intern,MBA
A947,HR Intern,
A948,Human Resources,
A949,HR operations,
A950,HR Intern,MBA
A951,HR Generalist,
A952,HR,
A953,Human Resources,
A954,HR,
A955,HR admin,MBA
A955,HR admin,Bachelor's Degree
A956,Human Resources,
A957,Human Resources,Bachelor's Degree
A958,Talent Acquisition,MBA
A958,Talent Acquisition,Master's Degree
A959,Recruitment,
A960,Human Resources,
A961,HR,
A962,HR Generalist,
A963,Human Resources,
A964,Human Resources,Bachelor's Degree
A965,HR Intern,MBA
A966,Recruitment,
A967,HR trainee,
A968,Recruitment,
A969,Human Resources,
A970,HR,
A971,Recruitment,
A972,Human Resources,
A973,HR Intern,
A974,HR,
A975,Recruitment,
A976,HR operations,MBA
A977,HR,
A978,HR,Master's Degree
A978,HR,Bachelor's Degree
A979,Human Resources,
A980,Recruitment,
A981,HR,
A982,HR,
A983,HR,
A984,Human Resources,
A985,Recruitment,MBA
A986,HR,Bachelor's Degree
A987,Human Resources,
A988,HR Intern,
A989,Recruitment,MBA
A990,HR recruiter intern,
A991,Talent Acquisition,
A992,HR admin,
A993,HR admin,
A994,HR Intern,MBA
A995,Talent Acquisition,
A996,HR Intern,MBA
A997,HR,
A998,HR operations,
A999,HR,
A1000,Human Resources,
A1001,HR operations,
A1002,HR,
A1003,Human Resources,MBA
A1003,Human Resources,Bachelor's Degree
A1004,HR,
A1005,Human Resources,MBA
A1006,HR,
A1007,HR operations,
A1008,HR Generalist,
A1009,HR admin,
A1010,HR Intern,MBA
A1011,HR,
A1012,Human Resources,MBA
A1013,Recruitment,
A1014,HR Intern,
A1015,Human Resources,
A1016,HR trainee,MBA
A1016,HR trainee,B.Tech
A1016,HR trainee,Graduate
A1017,HR operations,
A1018,HR operations,
A1019,Talent Acquisition,Bachelor's Degree
A1020,HR Generalist,MBA
A1021,Human Resources,Bachelor's Degree
A1022,Human Resources,
A1023,HR,
A1024,Talent Acquisition,
A1025,Talent Acquisition,Bachelor's Degree
A1026,Recruitment,MBA
A1027,Human Resources,
A1028,HR trainee,MBA
A1028,HR trainee,Bachelor's Degree
A1029,HR,MBA
A1030,HR admin,
A1031,Human Resources,
A1032,HR,
A1033,HR Generalist,
A1034,HR,MBA
A1035,HR,
A1036,HR admin,
A1037,HR,
A1038,Recruitment,
A1039,HR Intern,
A1040,HR Intern,
A1041,HR Intern,
A1042,HR Intern,MBA
A1043,HR Intern,Bachelor's Degree
A1044,HR Intern,
A1045,HR Intern,
A1046,HR operations,MBA
A1047,HR Intern,
A1048,HR Intern,
A1049,HR Intern,
A1050,HR Intern,
A1051,HR Intern,Master's Degree
A1051,HR Intern,Bachelor's Degree
A1052,HR Intern,
A1053,HR Intern,
A1054,HR Intern,
A1055,HR Intern,
A1056,HR Intern,
A1057,HR trainee,
A1058,HR Intern,
A1059,HR Intern,
A1060,HR Intern,
A1061,HR Intern,MBA
A1061,HR Intern,BBA
A1061,HR Intern,Graduate
A1062,HR Intern,
A1063,HR recruiter intern,
A1064,HR Intern,
A1065,HR,MBA
A1065,HR,Postgraduate
A1065,HR,Graduate
A1066,HR Intern,
A1067,HR Intern,
A1068,HR Intern,
A1069,HR Intern,
A1070,HR Intern,
A1071,HR Intern,
A1072,HR Intern,Bachelor's Degree
A1073,HR Intern,
A1074,HR Intern,
A1075,HR Intern,
A1076,HR Intern,
A1077,HR trainee,
A1078,HR Intern,
A1079,HR Intern,
A1080,HR Intern,
A1081,HR recruiter intern,Graduate
A1082,HR Intern,MBA
A1083,HR Intern,
A1084,HR Intern,MBA
A1085,HR recruiter intern,
A1086,HR Intern,
A1087,HR Intern,
A1088,Human Resources,
A1089,HR Intern,
A1090,HR,
A1091,HR Intern,MBA
A1092,HR,
A1093,HR Intern,
A1094,HR Intern,MBA
A1095,HR trainee,
A1096,HR Intern,
A1097,HR recruiter intern,
A1098,HR trainee,
A1099,HR Intern,
A1100,HR Intern,Bachelor's Degree
A1101,HR Intern,
A1102,HR Intern,MBA
A1103,HR Intern,
A1104,HR Intern,MBA
A1105,Recruitment Consultant,
A1106,Talent Acquisition,MBA
A1107,HR trainee,MBA
A1108,Campus Relations,
A1109,HR Intern,
A1110,Human Resources,
A1111,HR Intern,
A1112,HR Intern,
A1113,HR trainee,
A1114,HR Intern,
A1115,HR,
A1116,HR Intern,MBA
A1117,HR Intern,
A1118,HR Generalist,
A1119,Human Resources,
A1120,HR trainee,
A1121,HR,
A1122,HR admin,
A1123,HR,
A1124,HR Intern,MBA
A1125,Human Resources,Bachelor's Degree
A1126,HR,
A1127,Human Resources,MBA
A1127,Human Resources,BBA
A1127,Human Resources,Any Degree
A1127,Human Resources,Graduate
A1128,HR,
A1129,Human Resources,
A1130,HR Intern,MBA
A1131,HR Intern,MBA
A1132,Talent Acquisition,Master's Degree
A1132,Talent Acquisition,Bachelor's Degree
A1133,Recruitment,
A1134,HR operations,
A1135,HR Intern,
A1136,Recruitment,
A1137,Human Resources,
A1138,HR trainee,
A1139,HR operations,
A1140,Human Resources,
A1141,HR Intern,MBA
A1142,HR recruiter intern,
A1143,HR,
A1144,HR recruiter intern,
A1145,HR recruiter intern,
A1146,Recruitment,MBA
A1147,Talent Acquisition,
A1148,HR,MBA
A1149,Talent Acquisition,Bachelor's Degree
A1150,Recruitment,MBA
A1150,Recruitment,Bachelor's Degree
A1151,HR Generalist,
A1152,HR Intern,
A1153,Human Resources,
A1154,HR Intern,Bachelor's Degree
A1154,HR Intern,Graduate
A1155,HR operations,
A1156,HR,
A1157,Associate Recruiter,
A1158,Talent Acquisition,MBA
A1159,Talent Acquisition,MBA
A1160,Recruitment,MBA
A1161,HR operations,
A1162,Recruitment,
A1163,Recruitment,MBA
A1164,Human Resources,
A1165,Recruitment,
A1166,HR,
A1167,HR recruiter intern,
A1168,HR,
A1169,Recruitment,
A1170,HR operations,
A1171,HR,MBA
A1171,HR,BBA
A1172,HR,
A1173,HR,
A1174,Campus Relations,
A1175,HR Generalist,
A1176,HR,
A1177,Human Resources,MBA
A1178,Campus Relations,
A1179,Talent Acquisition,
A1180,Recruitment,
A1181,Associate Recruiter,
A1182,Recruitment,
A1183,Human Capital Associate,
A1184,Recruitment,
A1185,Human Resources,
A1186,Associate Recruiter,
A1187,HR Intern,
A1188,HR Intern,
A1189,HR Intern,
A1190,HR Intern,MBA
A1190,HR Intern,BBA
A1191,Human Resources,Bachelor's Degree
A1192,Campus Relations,
A1193,HR Intern,
A1194,HR Intern,
A1195,HR Intern,
A1196,HR Intern,MBA
A1197,HR Intern,
A1198,HR Intern,MBA
A1199,HR Intern,
A1200,HR Intern,
A1201,HR Intern,
A1202,HR Intern,
A1203,Recruitment,Graduate
A1204,HR Intern,
A1205,HR Intern,
A1206,HR Intern,MBA
A1207,HR,
A1208,HR,MBA
A1209,Campus Relations,
A1210,Campus Relations,
A1211,HR Intern,
A1212,HR,
A1213,HR Intern,MBA
A1214,Recruitment,
A1215,HR,
A1216,Talent Acquisition,Postgraduate
A1216,Talent Acquisition,Graduate
A1217,HR Intern,
A1218,HR Intern,
A1219,HR Intern,MBA
A1220,HR Intern,MBA
A1221,HR Intern,
A1222,Campus Relations,
A1223,Recruitment,
A1224,HR Intern,Graduate
A1225,HR,MBA
A1225,HR,BBA
A1226,HR Intern,
A1227,HR Intern,
A1228,HR Intern,
A1229,Recruitment,
A1230,HR Coordination Intern,
A1231,HR Intern,
A1232,HR Intern,MBA
A1233,HR Intern,
A1234,Human Resources,
A1235,Talent Acquisition,MBA
A1236,HR Generalist,
A1237,HR,
A1238,Talent Acquisition,Bachelor's Degree
A1239,HR Generalist,MBA
A1240,HR Intern,
A1241,Recruitment,
A1242,HR,Master's Degree
A1243,Talent Acquisition,
A1244,Talent Acquisition,
A1245,HR Intern,
A1246,Human Resources,
A1247,Recruitment,
A1248,Human Resources,
A1249,HR recruiter intern,
A1250,HR Intern,BBA
A1250,HR Intern,Graduate
A1251,Human Resources,
A1252,HR,
A1253,Human Resources,
A1254,Recruitment,
A1255,HR Intern,
A1256,HR admin,
A1257,Recruitment,
A1258,HR admin,
A1259,HR Intern,MBA
A1260,Talent Acquisition,MBA
A1261,Talent Acquisition,
A1262,HR Generalist,
A1263,Human Resources,
A1264,HR,
A1265,Recruitment,
A1266,HR Generalist,
A1267,Recruitment,
A1268,HR Intern,MBA
A1269,Recruitment,
A1270,Human Resources,
A1271,HR Intern,
A1272,Recruitment,
A1273,Talent Acquisition,
A1274,Human Resources,
A1275,Recruitment,
A1276,Human Resources,
A1277,HR Generalist,
A1278,HR Intern,MBA
A1279,Recruitment,
A1280,HR,MBA
A1280,HR,Bachelor's Degree
A1281,HR Intern,
A1282,Recruitment,
A1283,HR,MBA
A1284,Human Resources,
A1285,Human Resources,MBA
A1285,Human Resources,PhD
A1286,Human Resources,
A1287,Recruitment,
A1288,Recruitment,Any Degree
A1288,Recruitment,Graduate
A1289,HR Intern,
A1290,Human Resources,
A1291,HR Intern,
A1292,HR operations,
A1293,HR,MBA
A1294,Talent Acquisition,
A1295,HR,
A1296,HR Intern,MBA
A1297,HR Intern,
A1298,HR recruiter intern,
A1299,HR Intern,
A1300,HR Intern,Bachelor's Degree
A1301,HR Intern,
A1302,HR,
A1303,HR Intern,
A1304,HR Intern,MBA
A1305,HR Intern,
A1306,HR Intern,MBA
A1307,HR recruiter intern,
A1308,HR Intern,
A1309,HR Intern,
A1310,HR Intern,
A1311,HR Intern,MBA
A1312,HR Intern,
A1313,HR Intern,
A1314,HR trainee,
A1315,HR Intern,
A1316,HR Intern,
A1317,HR recruiter intern,
A1318,HR Intern,
A1319,HR Intern,
A1320,HR Intern,
A1321,HR Intern,MBA
A1322,HR,
A1323,HR Intern,
A1324,HR Intern,
A1325,HR Intern,
A1326,HR Intern,
A1327,HR Intern,
A1328,HR Intern,MBA
A1329,HR Intern,
A1330,HR Intern,
A1331,HR,
A1332,HR,
A1333,Recruitment,
A1334,Recruitment,
A1335,HR trainee,Any Degree
A1335,HR trainee,Graduate
A1336,HR Intern,MBA
A1337,HR,
A1338,HR Intern,MBA
A1339,HR Intern,MBA
A1340,HR Intern,
A1341,Recruitment,
A1342,HR Generalist,
A1343,HR recruiter intern,
A1344,HR trainee,
A1345,HR,MBA
A1345,HR,Any Degree
A1345,HR,Graduate
A1346,Campus Relations,MBA
A1347,HR trainee,
A1348,Human Resources,
A1349,Recruitment,MBA
A1350,HR,
A1351,HR Intern,
A1352,Recruitment,
A1353,HR,
A1354,HR admin,
A1355,Human Resources,
A1356,Human Resources,
A1357,Human Resources,
A1358,Associate Recruiter,
A1359,Human Resources,
A1360,Talent Acquisition,
A1361,HR,
A1362,HR recruiter intern,
A1363,Recruitment,
A1364,Talent Acquisition,
A1365,Human Resources,
A1366,Talent Acquisition,
A1367,Talent Acquisition,
A1368,Talent Acquisition,
A1369,Human Resources,
A1370,HR,
A1371,HR,MBA
A1372,HR,
A1373,Human Resources,
A1374,HR Intern,MBA
A1375,HR Intern,
A1376,HR Intern,
A1377,HR Intern,
A1378,HR Intern,MBA
A1379,HR Intern,
A1380,HR Intern,
A1381,HR Intern,MBA
A1382,HR Intern,MBA
A1383,HR Intern,MBA
A1383,HR Intern,Master's Degree
A1383,HR Intern,Bachelor's Degree
A1384,HR Intern,
A1385,HR Intern,MBA
A1386,HR Intern,
A1387,HR Intern,
A1388,HR Intern,
A1389,HR Intern,Graduate
A1390,HR Intern,Graduate
A1391,Campus Relations,
A1392,Campus Relations,
A1393,Campus Relations,
A1394,HR Intern,
A1395,Campus Relations,
A1396,Talent Acquisition,MBA
A1397,HR,
A1398,HR Intern,
A1399,Recruitment,
A1400,HR recruiter intern,
A1401,HR recruiter intern,
A1402,HR Intern,
A1403,Campus Relations,Graduate
A1404,Campus Relations,
A1405,HR Intern,
A1406,Recruitment,MBA
A1406,Recruitment,Bachelor's Degree
A1407,Recruitment,
A1408,Talent Acquisition,MBA
A1409,Recruitment,Master's Degree
A1409,Recruitment,Bachelor's Degree
A1410,Talent Acquisition,
A1411,Recruitment,
A1412,HR Intern,
A1413,HR Intern,
A1414,Recruitment,
A1415,Recruitment,Bachelor's Degree
A1416,Campus Relations,
A1417,Talent Acquisition,
A1418,Talent Acquisition,
A1419,Recruitment,Master's Degree
A1419,Recruitment,Bachelor's Degree
A1420,Recruitment,
A1421,Recruitment,
A1422,Recruitment,MBA
A1423,Recruitment,MBA
A1424,Talent Acquisition,MBA
A1425,Talent Acquisition,
A1426,Recruitment,
A1427,Talent Acquisition,MBA
A1428,Talent Acquisition,
A1429,Recruitment,Bachelor's Degree
A1430,Recruitment,
A1431,Talent Acquisition,
A1432,Talent Acquisition,
A1433,Talent Acquisition,
A1434,Recruitment,
A1435,Recruitment,
A1436,Recruitment,
A1437,Recruitment,
A1438,Recruitment,Bachelor's Degree
A1439,Recruitment Consultant,
A1440,Recruitment,
A1441,Talent Acquisition,
A1442,Recruitment,
A1443,Talent Acquisition,
A1444,Talent Acquisition,
A1445,Talent Acquisition,MBA
A1446,Talent Acquisition,MBA
A1446,Talent Acquisition,Postgraduate
A1446,Talent Acquisition,Bachelor's Degree
A1446,Talent Acquisition,Graduate
A1447,Recruitment,
A1448,Talent Acquisition,
A1449,HR Intern,
A1450,Talent Acquisition,
A1451,Recruitment,Bachelor's Degree
A1452,Recruitment,
A1453,Recruitment,
A1454,Talent Acquisition,
A1455,Recruitment,
A1456,Recruitment,
A1457,Recruitment,
A1458,Talent Acquisition,
A1459,Recruitment,MBA
A1460,Talent Acquisition,MBA
A1461,Recruitment,
A1462,Talent Acquisition,
A1463,Recruitment,
A1464,Campus Relations,
A1465,Recruitment,
A1466,Recruitment,Bachelor's Degree
A1467,Talent Acquisition,
A1468,Recruitment,
A1469,HR,
A1470,Talent Acquisition,
A1471,Talent Acquisition,
A1472,Talent Acquisition,MBA
A1473,Recruitment,
A1474,Talent Acquisition,Bachelor's Degree
A1475,Talent Acquisition,
A1476,Recruitment,
A1477,Recruitment,
A1478,Talent Acquisition,Bachelor's Degree
A1479,Recruitment,
A1480,Talent Acquisition,MBA
A1480,Talent Acquisition,Bachelor's Degree
A1481,Talent Acquisition,
A1482,Recruitment,
A1483,HR,MBA
A1484,Talent Acquisition,
A1485,Recruitment,MBA
A1486,Talent Acquisition,
A1487,Recruitment,
A1488,Talent Acquisition,MBA
A1488,Talent Acquisition,Master's Degree
A1488,Talent Acquisition,B.Tech
A1489,Talent Acquisition,
A1490,Recruitment,
A1491,Talent Acquisition,
A1492,Recruitment,
A1493,Recruitment,
A1494,Talent Acquisition,
A1495,Talent Acquisition,MBA
A1496,Talent Acquisition,
A1497,Recruitment,
A1498,Recruitment,
A1499,Talent Acquisition,
A1500,Talent Acquisition,
A1501,Talent Acquisition,
A1502,Talent Acquisition,
A1503,Recruitment,
A1504,Recruitment,
A1505,Recruitment,
A1506,Talent Acquisition,
A1507,Recruitment,MBA
A1507,Recruitment,Any Degree
A1507,Recruitment,Graduate
A1508,Recruitment,
A1509,Talent Acquisition,
A1510,Recruitment,MBA
A1510,Recruitment,Master's Degree
A1510,Recruitment,B.Tech
A1511,Talent Acquisition,MBA
A1512,Recruitment,
A1513,Talent Acquisition,MBA
A1514,Recruitment,
A1515,Recruitment,MBA
A1516,Talent Acquisition,
A1517,Talent Acquisition,
A1518,Talent Acquisition,MBA
A1519,Recruitment,
A1520,Talent Acquisition,
A1521,Recruitment,
A1522,Recruitment,MBA
A1522,Recruitment,Bachelor's Degree
A1523,Talent Acquisition,
A1524,Talent Acquisition,
A1525,Talent Acquisition,
A1526,Recruitment,
A1527,Recruitment,
A1528,Talent Acquisition,Bachelor's Degree
A1529,Talent Acquisition,MBA
A1529,Talent Acquisition,Bachelor's Degree
A1530,Recruitment,
A1531,Recruitment,Bachelor's Degree
A1532,Talent Acquisition,
A1533,Recruitment,
A1534,Recruitment,
A1535,Talent Acquisition,MBA
A1536,Talent Acquisition,
A1537,Recruitment,
A1538,Talent Acquisition,MBA
A1539,Recruitment,
A1540,Talent Acquisition,MBA
A1540,Talent Acquisition,Bachelor's Degree
A1541,Talent Acquisition,MBA
A1541,Talent Acquisition,Bachelor's Degree
A1542,Talent Acquisition,
A1543,Recruitment,
A1544,Talent Acquisition,
A1545,Recruitment,MBA
A1546,HR,
A1547,Talent Acquisition,MBA
A1547,Talent Acquisition,Postgraduate
A1547,Talent Acquisition,Graduate
A1548,Recruitment,
A1549,Talent Acquisition,
A1550,Recruitment,
A1551,Talent Acquisition,MBA
A1551,Talent Acquisition,Master's Degree
A1551,Talent Acquisition,Bachelor's Degree
A1551,Talent Acquisition,Graduate
A1552,Recruitment,
A1553,Recruitment,
A1554,Talent Acquisition,MBA
A1554,Talent Acquisition,Bachelor's Degree
A1555,Talent Acquisition,MBA
A1556,Recruitment,MBA
A1556,Recruitment,BBA
A1557,Recruitment,
A1558,Talent Acquisition,
A1559,Recruitment,Bachelor's Degree
A1560,Recruitment,MBA
A1561,Recruitment,
A1562,Recruitment,Bachelor's Degree
A1562,Recruitment,Graduate
A1563,Recruitment,
A1564,Recruitment,
A1565,Talent Acquisition,
A1566,Talent Acquisition,MBA
A1567,Recruitment,
A1568,Recruitment,
A1569,Recruitment,MBA
A1570,Talent Acquisition,
A1571,Talent Acquisition,MBA
A1572,Recruitment,Bachelor's Degree
A1573,Talent Acquisition,
A1574,Talent Acquisition,Bachelor's Degree
A1575,Recruitment,MBA
A1576,Talent Acquisition,
A1577,Recruitment,MBA
A1578,Recruitment,MBA
A1579,Talent Acquisition,MBA
A1579,Talent Acquisition,Bachelor's Degree
A1580,Talent Acquisition,
A1581,Talent Acquisition,
A1582,Recruitment,Bachelor's Degree
A1583,Talent Acquisition,
A1584,Recruitment,
A1585,Talent Acquisition,
A1586,Recruitment,
A1587,Recruitment,
A1588,Recruitment,
A1589,Recruitment,MBA
A1590,Talent Acquisition,
A1591,Human Resources,
A1592,Talent Acquisition,
A1593,Talent Acquisition,
A1594,Recruitment,MBA
A1594,Recruitment,Master's Degree
A1594,Recruitment,B.Tech
A1595,Recruitment,
A1596,Talent Acquisition,
A1597,Talent Acquisition,
A1598,Talent Acquisition,
A1599,HR Intern,MBA
A1600,Recruitment,
A1601,Recruitment,
A1602,Talent Acquisition,
A1603,Talent Acquisition,
A1604,Recruitment,
A1605,Talent Acquisition,
A1606,Recruitment,
A1607,Recruitment,
A1608,Recruitment,
A1609,Talent Acquisition,
A1610,Talent Acquisition,
A1611,Recruitment,MBA
A1612,Talent Acquisition,
A1613,Talent Acquisition,
A1614,Recruitment,
A1615,Recruitment,
A1616,Recruitment,
A1617,Recruitment,
A1618,Talent Acquisition,
A1619,Recruitment,
A1620,Recruitment,MBA
A1621,Campus Relations,
A1622,HR Intern,MBA
A1623,Recruitment,
A1624,Recruitment,Bachelor's Degree
A1625,Talent Acquisition,
A1626,Talent Acquisition,
A1627,Recruitment,
A1628,Talent Acquisition,MBA
A1629,Talent Acquisition,
A1630,Talent Acquisition,
A1631,Talent Acquisition,
A1632,Recruitment,
A1633,Talent Acquisition,
A1634,Recruitment,MBA
A1635,Recruitment,
A1636,Talent Acquisition,
A1637,HR Intern,
A1638,HR admin,
A1639,Recruitment,MBA
A1640,Recruitment,
A1641,Recruitment,
A1642,Recruitment,
A1643,Recruitment,
A1644,Recruitment,Bachelor's Degree
A1645,Recruitment,
A1646,Talent Acquisition,
A1647,HR,
A1648,Recruitment,
A1649,Recruitment,
A1650,Recruitment,
A1651,Talent Acquisition,
A1652,Talent Acquisition,MBA
A1652,Talent Acquisition,Bachelor's Degree
A1653,Recruitment,
A1654,Talent Acquisition,
A1655,Recruitment,
A1656,Recruitment,
A1657,Recruitment,MBA
A1658,Recruitment,
A1659,Recruitment,
A1660,Talent Acquisition,
A1661,Talent Acquisition,
A1662,Talent Acquisition,
A1663,Talent Acquisition,
A1664,Recruitment,
A1665,Recruitment Consultant,MBA
A1666,Talent Acquisition,MBA
A1666,Talent Acquisition,Bachelor's Degree
A1667,Recruitment,
A1668,Talent Acquisition,
A1669,Recruitment,Master's Degree
A1669,Recruitment,Bachelor's Degree
A1670,Talent Acquisition,MBA
A1671,Recruitment,
A1672,Talent Acquisition,
A1673,HR Intern,
A1674,Recruitment,MBA
A1675,Recruitment,Bachelor's Degree
A1676,Talent Acquisition,MBA
A1677,Recruitment,
A1678,Recruitment,
A1679,Recruitment,
A1680,Talent Acquisition,Bachelor's Degree
A1681,Recruitment,
A1682,Recruitment,
A1683,Recruitment,
A1684,Recruitment,
A1685,Talent Acquisition,
A1686,Talent Acquisition,
A1687,Recruitment,
A1688,Recruitment,
A1689,Campus Relations,MBA
A1690,Talent Acquisition,
A1691,Recruitment,
A1692,Recruitment,
A1693,Recruitment,MBA
A1694,Talent Acquisition,
A1695,Recruitment,
A1696,Recruitment,
A1697,Talent Acquisition,
A1698,Talent Acquisition,Bachelor's Degree
A1699,HR Intern,
A1700,HR Intern,
A1701,HR Intern,
A1702,HR,
A1703,HR Intern,
A1704,Human Resources,Graduate
A1705,Human Resources,Graduate
A1706,HR Analytics,Graduate
A1707,Human Resources,Post Graduate
A1708,Human Resources,Graduate
A1709,Human Resources,Graduate
A1710,Human Resources,Graduate
A1711,Human Resources,Graduate
A1712,Human Resources,Post Graduate
A1713,Human Resources,Graduate
A1714,Human Resources,Graduate
A1715,Human Resources,Graduate
A1716,Human Resources,Graduate
A1717,Human Resources,Graduate
A1718,Human Resources,Graduate
A1719,Human Resources,Graduate
A1720,Human Resources,Graduate
A1721,HR Administration,Graduate
A1722,HR Administration,Graduate
A1723,HR Administration,Graduate
A1724,Human Resources,Graduate
A1725,Human Resources,Graduate
A1726,Human Resources,Graduate
A1727,Human Resources,Graduate
A1728,Human Resources,Graduate
A1729,Human Resources,Diploma
A1730,HR Operations,Graduate
A1731,Human Resources,Graduate
A1732,Human Resources,Graduate
A1733,Human Resources,Graduate
A1734,Human Resources,Graduate
A1735,Human Resources,Graduate
A1736,Human Resources,Graduate
A1737,Human Resources,Graduate
A1738,Human Resources,Diploma
A1739,Human Resources,Graduate
A1740,Human Resources,Graduate
A1741,Human Resources,Graduate
A1742,Human Resources,Graduate
A1743,Human Resources,Graduate
A1744,HR Operations,Graduate
A1745,Human Resources,Graduate
A1746,Human Resources,Graduate
A1747,HR Trainee,Graduate
A1748,Human Resources,Graduate
A1749,Human Resources,Graduate
A1750,Human Resources,Graduate
A1751,Human Resources,Graduate
A1752,Talent Acquisition,Graduate
A1753,Human Resources,Graduate
A1754,HR Administration,Graduate
A1755,Talent Acquisition,Graduate
A1756,HR Compliance,Graduate
A1757,Talent Acquisition,Graduate
A1758,Human Resources,Graduate
A1759,Human Resources,Graduate
A1760,Human Resources,Graduate
A1761,Human Resources,Graduate
A1762,Human Resources,Graduate
A1763,HR Administration,Post Graduate
A1764,Human Resources,Graduate
A1765,Talent Acquisition,Graduate
A1766,Human Resources,Post Graduate
A1767,Talent Acquisition,Graduate
A1768,Talent Acquisition,Graduate
A1769,Human Resources,Graduate
A1770,Talent Acquisition,Graduate
A1771,Talent Acquisition,Graduate
A1772,Talent Acquisition,Graduate
A1773,Talent Acquisition,Graduate
A1774,Recruitment,
A1775,HR Intern,
A1776,HR Intern,
A1777,HR Intern,
A1778,HR Intern,
A1779,HR Intern,
A1780,Recruitment,
A1781,HR operations,
A1782,Recruitment,
A1783,HR Intern,
A1784,HR Intern,
A1785,HR Intern,
A1786,HR Intern,
A1787,Talent Acquisition,
A1788,HR Intern,
A1789,HR Generalist,
A1790,HR Intern,
A1791,HR Intern,
A1792,HR Intern,
A1793,HR Intern,
A1794,Recruitment,
A1795,HR Intern,
A1796,HR Intern,
A1797,Recruitment,
A1798,HR operations,
A1799,HR Intern,
A1800,HR Intern,
A1801,HR Intern,
A1802,HR admin,
A1803,Talent Acquisition,
A1804,HR admin,
A1805,HR Intern,
A1806,Talent Acquisition,
A1807,HR recruiter intern,
A1808,Talent Acquisition,
A1809,HR Intern,
A1810,HR Intern,
A1811,HR recruiter intern,
A1812,HR Intern,
A1813,HR Intern,
A1814,Recruitment,
A1815,Recruitment,
A1816,HR Intern,
A1817,Talent Acquisition,
A1818,HR Intern,
A1819,HR Intern,
A1820,HR Intern,
A1821,HR Intern,
A1822,HR Intern,
A1823,HR Intern,
A1824,HR Intern,
A1825,HR recruiter intern,
A1826,HR operations,
A1827,HR Intern,
A1828,HR Intern,
A1829,HR Intern,
A1830,HR Intern,
A1831,HR Intern,
A1832,Talent Acquisition,
A1833,HR Intern,
A1834,HR Intern,
A1835,HR Intern,
A1836,HR Intern,
A1837,HR Intern,
A1838,Talent Acquisition,
A1839,HR Intern,
A1840,HR Intern,
A1841,Human Resources,Graduate
A1842,Human Resources,Graduate
A1843,Human Resources,Graduate
A1844,Human Resources,Graduate
A1845,Human Resources,Graduate
A1846,Human Resources,Graduate
A1847,Human Resources,Graduate
A1848,Human Resources,Graduate
A1849,Human Resources,Graduate
A1850,Human Resources,Graduate
A1851,Human Resources,Graduate
A1852,Human Resources,Graduate
A1853,Human Resources,Graduate
A1854,Human Resources,Graduate
A1855,Human Resources,Graduate
A1856,Human Resources,Graduate
A1857,Human Resources,Graduate
A1858,Human Resources,Graduate
A1859,Human Resources,Graduate
A1860,Human Resources,Graduate
A1861,Human Resources,Graduate
A1862,Human Resources,Graduate
A1863,Human Resources,Graduate
A1864,Human Resources,Graduate
A1865,Human Resources,Graduate
A1866,HR Intern,Graduate
A1867,Talent Acquisition Intern,Post Graduate Student
A1868,Learning & Development Intern,Post Graduate Student
A1869,HR Operations Intern,Post Graduate Student
A1870,HR Operations Intern,Graduation (Final Year)
A1871,HR Operations Intern,Graduation (Final Year)
A1872,HR Operations Intern,Graduate
A1873,HR Operations Intern,Post Graduate Student
A1874,Recruitment Intern,Pursuing MBA
A1875,HR Operations Intern,Pursuing MBA
A1876,Recruitment Intern,Post Graduate Student
A1877,Talent Acquisition Intern,Graduation (Final Year)
A1878,Recruitment Intern,Pursuing MBA
A1879,Recruitment Intern,Post Graduate Student
A1880,HR Intern,Pursuing MBA
A1881,HR Operations Intern,Pursuing MBA
A1882,HR Intern,Graduation (Final Year)
A1883,HR Intern,Pursuing MBA
A1884,HR Operations Intern,Post Graduate Student
A1885,HR Intern,Graduate
A1886,HR Operations Intern,Pursuing MBA
A1887,HR Operations Intern,Graduate
A1888,Talent Acquisition Intern,Pursuing MBA
A1889,HR Intern,Post Graduate Student
A1890,HR Intern,Pursuing MBA
A1891,HR Operations Intern,Graduate
A1892,HR Operations Intern,Pursuing MBA
A1893,HR Operations Intern,Graduation (Final Year)
A1894,HR Operations Intern,Graduate
A1895,Talent Acquisition Intern,Pursuing MBA
A1896,Learning & Development Intern,Pursuing MBA
A1897,HR Operations Intern,Graduate
A1898,HR Operations Intern,Graduation (Final Year)
A1899,Recruitment Intern,Pursuing MBA
A1900,HR Intern,Graduation (Final Year)
A1901,HR Operations Intern,Pursuing MBA
A1902,Talent Acquisition Intern,Graduate
A1903,Talent Acquisition Intern,Graduate
A1904,Recruitment Intern,Post Graduate Student
A1905,HR Operations Intern,Pursuing MBA
A1906,Talent Acquisition Intern,Graduation (Final Year)
A1907,Recruitment Intern,Graduation (Final Year)
A1908,Recruitment Intern,Graduate
A1909,HR Intern,Post Graduate Student
A1910,HR Intern,Graduate
A1911,Recruitment Intern,Graduate
A1912,Recruitment Intern,Graduation (Final Year)
A1913,Learning & Development Intern,Pursuing MBA
A1914,Recruitment Intern,Pursuing MBA
A1915,Recruitment Intern,Pursuing MBA
A1916,HR Operations Intern,Pursuing MBA
A1917,HR Operations Intern,Post Graduate Student
A1918,HR Operations Intern,Pursuing MBA
A1919,Learning & Development Intern,Post Graduate Student
A1920,HR Operations Intern,Post Graduate Student
A1921,HR Operations Intern,Graduate
A1922,HR Operations Intern,Pursuing MBA
A1923,Learning & Development Intern,Graduation (Final Year)
A1924,HR Operations Intern,Graduate
A1925,HR Intern,Graduation (Final Year)
A1926,Talent Acquisition Intern,Graduation (Final Year)
A1927,Learning & Development Intern,Post Graduate Student
A1928,Talent Acquisition Intern,Post Graduate Student
A1929,Talent Acquisition Intern,Graduation (Final Year)
A1930,HR Intern,Graduation (Final Year)
A1931,Talent Acquisition Intern,Post Graduate Student
A1932,HR Operations Intern,Graduation (Final Year)
A1933,HR Operations Intern,Graduate
A1934,HR Operations Intern,Post Graduate Student
A1935,HR Operations Intern,Pursuing MBA
A1936,Learning & Development Intern,Pursuing MBA
A1937,HR Intern,Pursuing MBA
A1938,Learning & Development Intern,Pursuing MBA
A1939,HR Intern,Graduation (Final Year)
A1940,HR Operations Intern,Graduation (Final Year)
A1941,HR Operations Intern,Graduation (Final Year)
A1942,Talent Acquisition Intern,Pursuing MBA
A1943,Talent Acquisition Intern,Graduation (Final Year)
A1944,Learning & Development Intern,Pursuing MBA
A1945,HR Operations Intern,Post Graduate Student
A1946,Talent Acquisition Intern,Pursuing MBA
A1947,Talent Acquisition Intern,Graduate
A1948,Learning & Development Intern,Post Graduate Student
A1949,HR Operations Intern,Graduation (Final Year)
A1950,Talent Acquisition Intern,Graduate
A1951,Recruitment Intern,Graduate
A1952,Recruitment Intern,Graduate
A1953,HR Operations Intern,Graduation (Final Year)
A1954,HR Intern,Graduate
A1955,HR Intern,Graduate
A1956,Recruitment Intern,Pursuing MBA
A1957,HR Operations Intern,Post Graduate Student
A1958,Talent Acquisition Intern,Post Graduate Student
A1959,HR Operations Intern,Graduation (Final Year)
A1960,HR Operations Intern,Graduation (Final Year)
A1961,Learning & Development Intern,Pursuing MBA
A1962,Recruitment Intern,Graduation (Final Year)
A1963,Recruitment Intern,Graduation (Final Year)
A1964,Talent Acquisition Intern,Post Graduate Student
A1965,HR Operations Intern,Post Graduate Student
A1966,Recruitment Intern,Post Graduate Student
A1967,HR Operations Intern,Pursuing MBA
A1968,Talent Acquisition Intern,Graduation (Final Year)
A1969,Learning & Development Intern,Pursuing MBA
A1970,HR Operations Intern,Pursuing MBA
A1971,Recruitment Intern,Graduation (Final Year)
A1972,Recruitment Intern,Graduate
A1973,HR Intern,Graduation (Final Year)
A1974,Learning & Development Intern,Pursuing MBA
A1975,Talent Acquisition Intern,Post Graduate Student
A1976,Recruitment Intern,Post Graduate Student
A1977,HR Operations Intern,Post Graduate Student
A1978,Talent Acquisition Intern,Graduate
A1979,HR Intern,Graduate
A1980,HR Intern,Pursuing MBA
A1981,HR Operations Intern,Graduation (Final Year)
A1982,Recruitment Intern,Graduation (Final Year)
A1983,Talent Acquisition Intern,Post Graduate Student
A1984,HR Intern,Graduation (Final Year)
A1985,Talent Acquisition Intern,Post Graduate Student
A1986,HR Intern,Graduate
A1987,HR Operations Intern,Graduation (Final Year)
A1988,HR Operations Intern,Pursuing MBA
A1989,HR Intern,Pursuing MBA
A1990,HR Operations Intern,Post Graduate Student
A1991,HR Operations Intern,Post Graduate Student
A1992,HR Intern,Graduation (Final Year)
A1993,Talent Acquisition Intern,Pursuing MBA
A1994,HR Intern,Pursuing MBA
A1995,HR Operations Intern,Graduate
A1996,Learning & Development Intern,Graduate
A1997,Learning & Development Intern,Graduation (Final Year)
A1998,HR Operations Intern,Graduate
A1999,HR Operations Intern,Post Graduate Student
A2000,Learning & Development Intern,Post Graduate Student
A2001,Talent Acquisition Intern,Pursuing MBA
A2002,HR Intern,Graduation (Final Year)
A2003,Learning & Development Intern,Graduate
A2004,HR Intern,Graduate
A2005,HR Operations Intern,Post Graduate Student
A2006,HR Intern,Graduate
A2007,HR Operations Intern,Graduation (Final Year)
A2008,Recruitment Intern,Graduate
A2009,HR Intern,Post Graduate Student
A2010,HR Operations Intern,Graduate
A2011,HR Intern,Graduation (Final Year)
A2012,Talent Acquisition Intern,Post Graduate Student
A2013,HR Operations Intern,Post Graduate Student
A2014,Talent Acquisition Intern,Graduate
A2015,HR Operations Intern,Graduation (Final Year)
A2016,HR Operations Intern,Pursuing MBA
A2017,Recruitment Intern,Post Graduate Student
A2018,HR Intern,Pursuing MBA
A2019,Recruitment Intern,Graduate
A2020,HR Operations Intern,Graduation (Final Year)
A2021,Recruitment Intern,Pursuing MBA
A2022,Learning & Development Intern,Post Graduate Student
A2023,Learning & Development Intern,Post Graduate Student
A2024,HR Intern,Pursuing MBA
A2025,HR Operations Intern,Graduation (Final Year)
A2026,Learning & Development Intern,Graduate
A2027,Recruitment Intern,Graduate
A2028,Learning & Development Intern,Pursuing MBA
A2029,Learning & Development Intern,Pursuing MBA
A2030,Learning & Development Intern,Post Graduate Student
A2031,Learning & Development Intern,Graduation (Final Year)
A2032,HR Operations Intern,Pursuing MBA
A2033,HR Intern,Graduation (Final Year)
A2034,HR Operations Intern,Graduate
A2035,HR Intern,Pursuing MBA
A2036,HR Operations Intern,Graduation (Final Year)
A2037,HR Intern,Pursuing MBA
A2038,Talent Acquisition Intern,Pursuing MBA
A2039,Learning & Development Intern,Pursuing MBA
A2040,Learning & Development Intern,Graduation (Final Year)
A2041,Learning & Development Intern,Post Graduate Student
A2042,HR Operations Intern,Graduation (Final Year)
A2043,HR Operations Intern,Post Graduate Student
A2044,Learning & Development Intern,Graduation (Final Year)
A2045,Recruitment Intern,Graduation (Final Year)
A2046,Learning & Development Intern,Graduate
A2047,Talent Acquisition Intern,Post Graduate Student
A2048,Learning & Development Intern,Graduate
A2049,Talent Acquisition Intern,Graduation (Final Year)
A2050,HR Intern,Graduate
A2051,HR Intern,Graduation (Final Year)
A2052,Talent Acquisition Intern,Post Graduate Student
A2053,HR Operations Intern,Graduate
A2054,HR Intern,Pursuing MBA
A2055,Talent Acquisition Intern,Graduation (Final Year)
A2056,Talent Acquisition Intern,Pursuing MBA
A2057,HR Operations Intern,Graduation (Final Year)
A2058,HR Intern,Pursuing MBA
A2059,Talent Acquisition Intern,Pursuing MBA
A2060,Recruitment Intern,Pursuing MBA
A2061,Recruitment Intern,Pursuing MBA
A2062,HR Operations Intern,Post Graduate Student
A2063,HR Intern,Pursuing MBA
A2064,HR Intern,Graduation (Final Year)
A2065,HR Operations Intern,Post Graduate Student
A2066,Talent Acquisition Intern,Graduation (Final Year)
A2067,HR Operations Intern,Post Graduate Student
A2068,Recruitment Intern,Post Graduate Student
A2069,HR Operations Intern,Pursuing MBA
A2070,Learning & Development Intern,Post Graduate Student
A2071,HR Operations Intern,Graduation (Final Year)
A2072,Learning & Development Intern,Post Graduate Student
A2073,HR Intern,Graduate
A2074,Recruitment Intern,Graduate
A2075,Recruitment Intern,Post Graduate Student
A2076,Recruitment Intern,Pursuing MBA
A2077,HR Operations Intern,Graduate
A2078,Recruitment Intern,Graduation (Final Year)
A2079,HR Operations Intern,Graduation (Final Year)
A2080,HR Operations Intern,Graduate
A2081,HR Intern,Post Graduate Student
A2082,Recruitment Intern,Graduation (Final Year)
A2083,HR Intern,Post Graduate Student
A2084,Recruitment Intern,Graduate
A2085,Learning & Development Intern,Pursuing MBA
A2086,Learning & Development Intern,Pursuing MBA
A2087,HR Intern,Graduation (Final Year)
A2088,HR Intern,Graduation (Final Year)
A2089,HR Operations Intern,Graduation (Final Year)
A2090,Recruitment Intern,Graduation (Final Year)
A2091,Talent Acquisition Intern,Graduation (Final Year)
A2092,Recruitment Intern,Pursuing MBA
A2093,Talent Acquisition Intern,Graduate
A2094,HR Operations Intern,Post Graduate Student
A2095,Talent Acquisition Intern,Graduation (Final Year)
A2096,Talent Acquisition Intern,Graduate
A2097,HR Operations Intern,Pursuing MBA
A2098,HR Operations Intern,Graduation (Final Year)
A2099,HR Intern,Post Graduate Student
A2100,HR Intern,Post Graduate Student
A2101,HR Intern,Pursuing MBA
A2102,Talent Acquisition Intern,Post Graduate Student
A2103,HR Intern,Graduate
A2104,Learning & Development Intern,Graduate
A2105,Talent Acquisition Intern,Pursuing MBA
A2106,Learning & Development Intern,Graduation (Final Year)
A2107,Recruitment Intern,Graduate
A2108,Talent Acquisition Intern,Pursuing MBA
A2109,HR Operations Intern,Post Graduate Student
A2110,Learning & Development Intern,Post Graduate Student
A2111,HR Intern,Graduate
A2112,Recruitment Intern,Graduate
A2113,Recruitment Intern,Graduation (Final Year)
A2114,Talent Acquisition Intern,Post Graduate Student
A2115,Talent Acquisition Intern,Post Graduate Student
A2116,Talent Acquisition Intern,Post Graduate Student
A2117,HR Intern,Pursuing MBA
A2118,Recruitment Intern,Pursuing MBA
A2119,HR Intern,Post Graduate Student
A2120,HR Intern,Graduation (Final Year)
A2121,Recruitment Intern,Graduation (Final Year)
A2122,HR Intern,Graduation (Final Year)
A2123,HR Operations Intern,Post Graduate Student
A2124,Learning & Development Intern,Pursuing MBA
A2125,HR Operations Intern,Graduation (Final Year)
A2126,Recruitment Intern,Graduate
A2127,Learning & Development Intern,Pursuing MBA
A2128,HR Operations Intern,Pursuing MBA
A2129,HR Operations Intern,Pursuing MBA
A2130,HR Operations Intern,Graduation (Final Year)
A2131,Talent Acquisition Intern,Graduation (Final Year)
A2132,Recruitment Intern,Pursuing MBA
A2133,Learning & Development Intern,Pursuing MBA
A2134,HR Operations Intern,Graduation (Final Year)
A2135,HR Operations Intern,Graduate
A2136,Recruitment Intern,Graduation (Final Year)
A2137,HR Operations Intern,Graduation (Final Year)
A2138,HR Operations Intern,Graduation (Final Year)
A2139,Learning & Development Intern,Graduation (Final Year)
A2140,Talent Acquisition Intern,Pursuing MBA
A2141,HR Operations Intern,Pursuing MBA
A2142,Learning & Development Intern,Post Graduate Student
A2143,HR Operations Intern,Graduation (Final Year)
A2144,Talent Acquisition Intern,Pursuing MBA
A2145,HR Intern,Post Graduate Student
A2146,Recruitment Intern,Graduation (Final Year)
A2147,Talent Acquisition Intern,Graduation (Final Year)
A2148,Learning & Development Intern,Pursuing MBA
A2149,Learning & Development Intern,Graduation (Final Year)
A2150,HR Operations Intern,Graduate
A2151,HR Operations Intern,Pursuing MBA
A2152,Recruitment Intern,Graduate
A2153,HR Operations Intern,Post Graduate Student
A2154,Learning & Development Intern,Graduate
A2155,Learning & Development Intern,Post Graduate Student
A2156,HR Intern,Graduation (Final Year)
A2157,HR Operations Intern,Pursuing MBA
A2158,Talent Acquisition Intern,Graduation (Final Year)
A2159,HR Operations Intern,Graduation (Final Year)
A2160,Recruitment Intern,Pursuing MBA
A2161,Recruitment Intern,Graduation (Final Year)
A2162,Learning & Development Intern,Graduate
A2163,Talent Acquisition Intern,Pursuing MBA
A2164,Learning & Development Intern,Graduate
A2165,HR Intern,Graduate
A2166,HR Intern,Post Graduate Student
A2167,HR Intern,Pursuing MBA
A2168,HR Operations Intern,Post Graduate Student
A2169,Recruitment Intern,Post Graduate Student
A2170,Recruitment Intern,Graduation (Final Year)
A2171,HR Intern,Graduate
A2172,HR Intern,Post Graduate Student
A2173,HR Operations Intern,Post Graduate Student
A2174,Talent Acquisition Intern,Graduation (Final Year)
A2175,Learning & Development Intern,Graduate
A2176,HR Operations Intern,Graduation (Final Year)
A2177,Talent Acquisition Intern,Pursuing MBA
A2178,Recruitment Intern,Pursuing MBA
A2179,HR Operations Intern,Post Graduate Student
A2180,Recruitment Intern,Graduation (Final Year)
A2181,HR Operations Intern,Post Graduate Student
A2182,Recruitment Intern,Graduate
A2183,HR Intern,Post Graduate Student
A2184,Recruitment Intern,Graduate
A2185,Talent Acquisition Intern,Pursuing MBA
A2186,Talent Acquisition Intern,Graduation (Final Year)
A2187,Talent Acquisition Intern,Post Graduate Student
A2188,HR Intern,Pursuing MBA
A2189,Recruitment Intern,Graduation (Final Year)
A2190,HR Operations Intern,Graduate
A2191,HR Operations Intern,Graduate
A2192,Talent Acquisition Intern,Graduation (Final Year)
A2193,HR Operations Intern,Graduation (Final Year)
A2194,Learning & Development Intern,Pursuing MBA
A2195,HR Intern,Graduation (Final Year)
A2196,Recruitment Intern,Graduation (Final Year)
A2197,HR Operations Intern,Graduate
A2198,HR Operations Intern,Graduate
A2199,Recruitment Intern,Graduation (Final Year)
A2200,Talent Acquisition Intern,Graduation (Final Year)
A2201,Learning & Development Intern,Graduate
A2202,HR Operations Intern,Graduate
A2203,HR Intern,Graduation (Final Year)
A2204,HR Intern,Pursuing MBA
A2205,HR Operations Intern,Graduation (Final Year)
A2206,Talent Acquisition Intern,Pursuing MBA
A2207,Learning & Development Intern,Graduation (Final Year)
A2208,Learning & Development Intern,Graduate
A2209,Learning & Development Intern,Graduation (Final Year)
A2210,Recruitment Intern,Graduation (Final Year)
A2211,HR Operations Intern,Pursuing MBA
A2212,Talent Acquisition Intern,Post Graduate Student
A2213,HR Operations Intern,Post Graduate Student
A2214,HR Intern,Post Graduate Student
A2215,HR Intern,Post Graduate Student
A2216,Learning & Development Intern,Pursuing MBA
A2217,HR Intern,Pursuing MBA
A2218,Recruitment Intern,Graduation (Final Year)
A2219,HR Operations Intern,Pursuing MBA
A2220,Recruitment Intern,Graduate
A2221,Talent Acquisition Intern,Pursuing MBA
A2222,Talent Acquisition Intern,Graduate
A2223,HR Operations Intern,Graduation (Final Year)
A2224,Recruitment Intern,Pursuing MBA
A2225,Recruitment Intern,Graduate
A2226,HR Operations Intern,Graduate
A2227,HR Operations Intern,Post Graduate Student
A2228,HR Intern,Graduate
A2229,HR Intern,Post Graduate Student
A2230,HR Operations Intern,Graduate
A2231,HR Operations Intern,Pursuing MBA
A2232,Talent Acquisition Intern,Graduate
A2233,HR Intern,Graduation (Final Year)
A2234,HR Intern,Graduate
A2235,HR Operations Intern,Graduate
A2236,HR Operations Intern,Pursuing MBA
A2237,Learning & Development Intern,Graduate
A2238,HR Operations Intern,Graduation (Final Year)
A2239,HR Operations Intern,Graduation (Final Year)
A2240,Recruitment Intern,Pursuing MBA
A2241,Recruitment Intern,Pursuing MBA
A2242,Recruitment Intern,Graduation (Final Year)
A2243,Learning & Development Intern,Post Graduate Student
A2244,HR Operations Intern,Graduation (Final Year)
A2245,Talent Acquisition Intern,Graduate
A2246,HR Intern,Graduation (Final Year)
A2247,HR Intern,Graduation (Final Year)
A2248,HR Intern,Graduate
A2249,HR Operations Intern,Graduate
A2250,Recruitment Intern,Pursuing MBA
A2251,Talent Acquisition Intern,Graduate
A2252,HR Operations Intern,Graduation (Final Year)
A2253,HR Operations Intern,Pursuing MBA
A2254,Learning & Development Intern,Post Graduate Student
A2255,Recruitment Intern,Post Graduate Student
A2256,Talent Acquisition Intern,Graduation (Final Year)
A2257,Recruitment Intern,Pursuing MBA
A2258,Talent Acquisition Intern,Post Graduate Student
A2259,Recruitment Intern,Graduate
A2260,Talent Acquisition Intern,Graduate
A2261,HR Operations Intern,Pursuing MBA
A2262,Recruitment Intern,Graduate
A2263,Talent Acquisition Intern,Pursuing MBA
A2264,HR Operations Intern,Pursuing MBA
A2265,Learning & Development Intern,Post Graduate Student
A2266,Learning & Development Intern,Graduate
A2267,HR Operations Intern,Graduation (Final Year)
A2268,Recruitment Intern,Pursuing MBA
A2269,Talent Acquisition Intern,Post Graduate Student
A2270,HR Intern,Post Graduate Student
A2271,HR Intern,Pursuing MBA
A2272,Talent Acquisition Intern,Graduation (Final Year)
A2273,HR Operations Intern,Pursuing MBA
A2274,HR Operations Intern,Graduate
A2275,HR Operations Intern,Graduation (Final Year)
A2276,HR Intern,Graduate
A2277,HR Operations Intern,Graduate
A2278,HR Intern,Post Graduate Student
A2279,Learning & Development Intern,Post Graduate Student
A2280,HR Intern,Pursuing MBA
A2281,Recruitment Intern,Post Graduate Student
A2282,HR Intern,Pursuing MBA
A2283,Talent Acquisition Intern,Graduate
A2284,HR Intern,Post Graduate Student
A2285,HR Operations Intern,Graduate
A2286,Learning & Development Intern,Graduation (Final Year)
A2287,Talent Acquisition Intern,Post Graduate Student
A2288,HR Operations Intern,Pursuing MBA
A2289,HR Operations Intern,Graduation (Final Year)
A2290,HR Intern,Pursuing MBA
A2291,HR Operations Intern,Graduate
A2292,Talent Acquisition Intern,Pursuing MBA
A2293,Learning & Development Intern,Pursuing MBA
A2294,Learning & Development Intern,Graduate
A2295,Learning & Development Intern,Graduate
A2296,HR Intern,Graduation (Final Year)
A2297,Talent Acquisition Intern,Post Graduate Student
A2298,HR Intern,Post Graduate Student
A2299,HR Intern,Pursuing MBA
A2300,Talent Acquisition Intern,Pursuing MBA
A2301,HR Intern,Pursuing MBA
A2302,Learning & Development Intern,Pursuing MBA
A2303,Talent Acquisition Intern,Graduate
A2304,Learning & Development Intern,Graduate
A2305,Recruitment Intern,Graduate
A2306,HR Operations Intern,Graduation (Final Year)
A2307,Recruitment Intern,Pursuing MBA
A2308,Talent Acquisition Intern,Pursuing MBA
A2309,Learning & Development Intern,Post Graduate Student
A2310,Talent Acquisition Intern,Post Graduate Student
A2311,Learning & Development Intern,Graduate
A2312,HR Operations Intern,Graduate
A2313,Learning & Development Intern,Graduate
A2314,Learning & Development Intern,Post Graduate Student
A2315,Recruitment Intern,Graduate
A2316,Talent Acquisition Intern,Graduate
A2317,Talent Acquisition Intern,Graduation (Final Year)
A2318,Learning & Development Intern,Graduation (Final Year)
A2319,HR Operations Intern,Pursuing MBA
A2320,HR Intern,Post Graduate Student
A2321,Recruitment Intern,Post Graduate Student
A2322,HR Operations Intern,Graduate
A2323,HR Intern,Graduate
A2324,HR Intern,Post Graduate Student
A2325,Learning & Development Intern,Post Graduate Student
A2326,HR Operations Intern,Graduate
A2327,Learning & Development Intern,Graduation (Final Year)
A2328,HR Operations Intern,Pursuing MBA
A2329,HR Operations Intern,Post Graduate Student
A2330,HR Operations Intern,Graduate
A2331,HR Operations Intern,Graduate
A2332,HR Intern,Post Graduate Student
A2333,Recruitment Intern,Post Graduate Student
A2334,HR Operations Intern,Graduation (Final Year)
A2335,HR Operations Intern,Graduation (Final Year)
A2336,Talent Acquisition Intern,Pursuing MBA
A2337,HR Intern,Graduation (Final Year)
A2338,Recruitment Intern,Pursuing MBA
A2339,Recruitment Intern,Graduate
A2340,Recruitment Intern,Graduation (Final Year)
A2341,Talent Acquisition Intern,Post Graduate Student
A2342,HR Operations Intern,Post Graduate Student
A2343,Learning & Development Intern,Graduation (Final Year)
A2344,HR Operations Intern,Graduation (Final Year)
A2345,Recruitment Intern,Pursuing MBA
A2346,HR Operations Intern,Pursuing MBA
A2347,Talent Acquisition Intern,Post Graduate Student
A2348,Learning & Development Intern,Pursuing MBA
A2349,HR Operations Intern,Graduate
A2350,HR Intern,Graduation (Final Year)
A2351,HR Operations Intern,Graduate
A2352,Learning & Development Intern,Post Graduate Student
A2353,HR Operations Intern,Graduate
A2354,Talent Acquisition Intern,Graduation (Final Year)
A2355,HR Intern,Graduation (Final Year)
A2356,HR Operations Intern,Graduation (Final Year)
A2357,HR Operations Intern,Pursuing MBA
A2358,Learning & Development Intern,Graduate
A2359,Talent Acquisition Intern,Graduation (Final Year)
A2360,Learning & Development Intern,Post Graduate Student
A2361,HR Intern,Graduation (Final Year)
A2362,HR Intern,Post Graduate Student
A2363,Learning & Development Intern,Graduation (Final Year)
A2364,Recruitment Intern,Post Graduate Student
A2365,HR Operations Intern,Graduate
A2366,Talent Acquisition Intern,Graduation (Final Year)
A2367,HR Operations Intern,Pursuing MBA
A2368,Recruitment Intern,Graduation (Final Year)
A2369,Recruitment Intern,Graduation (Final Year)
A2370,HR Intern,Post Graduate Student
A2371,Learning & Development Intern,Graduation (Final Year)
A2372,HR Operations Intern,Graduate
A2373,HR Intern,Pursuing MBA
A2374,HR Operations Intern,Graduation (Final Year)
A2375,HR Operations Intern,Graduate
A2376,Learning & Development Intern,Post Graduate Student
A2377,HR Operations Intern,Graduate
A2378,HR Intern,Pursuing MBA
A2379,Talent Acquisition Intern,Graduate
A2380,Talent Acquisition Intern,Pursuing MBA
A2381,HR Intern,Graduate
A2382,Learning & Development Intern,Graduation (Final Year)
A2383,Recruitment Intern,Post Graduate Student
A2384,Talent Acquisition Intern,Graduation (Final Year)
A2385,HR Operations Intern,Graduate
A2386,HR Intern,Pursuing MBA
A2387,Learning & Development Intern,Graduation (Final Year)
A2388,HR Intern,Graduate
A2389,HR Intern,Graduate
A2390,HR Intern,Pursuing MBA
A2391,HR Intern,Pursuing MBA
A2392,HR Intern,Graduate
A2393,HR Operations Intern,Pursuing MBA
A2394,HR Intern,Post Graduate Student
A2395,Recruitment Intern,Post Graduate Student
A2396,Recruitment Intern,Graduate
A2397,HR Operations Intern,Graduation (Final Year)
A2398,HR Operations Intern,Graduate
A2399,HR Operations Intern,Post Graduate Student
A2400,HR Operations Intern,Graduate
A2401,Learning & Development Intern,Post Graduate Student
A2402,HR Operations Intern,Post Graduate Student
A2403,Talent Acquisition Intern,Graduate
A2404,Recruitment Intern,Graduation (Final Year)
A2405,Talent Acquisition Intern,Post Graduate Student
A2406,Talent Acquisition Intern,Pursuing MBA
A2407,HR Operations Intern,Graduation (Final Year)
A2408,Talent Acquisition Intern,Graduate
A2409,HR Operations Intern,Post Graduate Student
A2410,Learning & Development Intern,Post Graduate Student
A2411,HR Operations Intern,Graduate
A2412,Learning & Development Intern,Post Graduate Student
A2413,Talent Acquisition Intern,Graduate
A2414,Talent Acquisition Intern,Post Graduate Student
A2415,HR Operations Intern,Post Graduate Student
A2416,Recruitment Intern,Graduate
A2417,HR Operations Intern,Graduate
A2418,HR Intern,Graduate
A2419,Recruitment Intern,Pursuing MBA
A2420,HR Operations Intern,Post Graduate Student
A2421,Recruitment Intern,Post Graduate Student
A2422,Learning & Development Intern,Graduate
A2423,Talent Acquisition Intern,Pursuing MBA
A2424,HR Intern,Graduation (Final Year)
A2425,Recruitment Intern,Pursuing MBA
A2426,Recruitment Intern,Graduation (Final Year)
A2427,HR Operations Intern,Post Graduate Student
A2428,HR Intern,Post Graduate Student
A2429,HR Operations Intern,Graduation (Final Year)
A2430,Recruitment Intern,Post Graduate Student
A2431,Talent Acquisition Intern,Graduate
A2432,HR Intern,Graduate
A2433,Recruitment Intern,Graduation (Final Year)
A2434,Recruitment Intern,Graduate
A2435,HR Operations Intern,Pursuing MBA
A2436,HR Operations Intern,Graduation (Final Year)
A2437,Learning & Development Intern,Pursuing MBA
A2438,HR Operations Intern,Graduation (Final Year)
A2439,Recruitment Intern,Graduation (Final Year)
A2440,HR Operations Intern,Post Graduate Student
A2441,Recruitment Intern,Pursuing MBA
A2442,HR Operations Intern,Graduation (Final Year)
A2443,Talent Acquisition Intern,Graduate
A2444,HR Operations Intern,Graduate
A2445,Learning & Development Intern,Graduate
A2446,HR Operations Intern,Graduate
A2447,HR Operations Intern,Graduate
A2448,HR Operations Intern,Graduate
A2449,HR Intern,Graduate
A2450,Talent Acquisition Intern,Graduate
A2451,Talent Acquisition Intern,Graduation (Final Year)
A2452,Recruitment Intern,Post Graduate Student
A2453,Talent Acquisition Intern,Graduate
A2454,HR Operations Intern,Graduate
A2455,Recruitment Intern,Pursuing MBA
A2456,HR Operations Intern,Graduate
A2457,HR Operations Intern,Graduate
A2458,HR Operations Intern,Graduate
A2459,HR Operations Intern,Graduation (Final Year)
A2460,HR Operations Intern,Graduation (Final Year)
A2461,Talent Acquisition Intern,Pursuing MBA
A2462,Recruitment Intern,Graduate
A2463,Recruitment Intern,Graduate
A2464,Talent Acquisition Intern,Graduate
A2465,HR Intern,Pursuing MBA
A2466,Recruitment Intern,Graduation (Final Year)
A2467,Learning & Development Intern,Pursuing MBA
A2468,HR Operations Intern,Graduation (Final Year)
A2469,HR Intern,Pursuing MBA
A2470,Recruitment Intern,Graduation (Final Year)
A2471,Learning & Development Intern,Graduation (Final Year)
A2472,HR Intern,Post Graduate Student
A2473,Recruitment Intern,Graduate
A2474,Talent Acquisition Intern,Post Graduate Student
A2475,HR Intern,Graduation (Final Year)
A2476,HR Operations Intern,Pursuing MBA
A2477,Learning & Development Intern,Post Graduate Student
A2478,HR Operations Intern,Graduation (Final Year)
A2479,HR Operations Intern,Graduate
A2480,HR Operations Intern,Graduation (Final Year)
A2481,HR Operations Intern,Post Graduate Student
A2482,HR Operations Intern,Post Graduate Student
A2483,Talent Acquisition Intern,Graduate
A2484,HR Operations Intern,Graduate
A2485,Talent Acquisition Intern,Pursuing MBA
A2486,Learning & Development Intern,Graduate
A2487,HR Operations Intern,Graduation (Final Year)
A2488,Recruitment Intern,Graduation (Final Year)
A2489,HR Intern,Graduation (Final Year)
A2490,Recruitment Intern,Post Graduate Student
A2491,Learning & Development Intern,Graduation (Final Year)
A2492,Recruitment Intern,Pursuing MBA
A2493,HR Operations Intern,Graduation (Final Year)
A2494,HR Intern,Post Graduate Student
A2495,Talent Acquisition Intern,Pursuing MBA
A2496,HR Operations Intern,Post Graduate Student
A2497,HR Operations Intern,Graduate
A2498,Learning & Development Intern,Graduation (Final Year)
A2499,Recruitment Intern,Graduation (Final Year)
A2500,Talent Acquisition Intern,Graduate
A2501,HR Intern,Graduate
A2502,Recruitment Intern,Pursuing MBA
A2503,Learning & Development Intern,Post Graduate Student
A2504,HR Operations Intern,Graduate
A2505,Talent Acquisition Intern,Graduate
A2506,Learning & Development Intern,Pursuing MBA
A2507,HR Operations Intern,Pursuing MBA
A2508,HR Operations Intern,Graduation (Final Year)
A2509,Talent Acquisition Intern,Post Graduate Student
A2510,Recruitment Intern,Graduate
A2511,HR Operations Intern,Pursuing MBA
A2512,Talent Acquisition Intern,Post Graduate Student
A2513,HR Operations Intern,Pursuing MBA
A2514,HR Intern,Graduate
A2515,HR Operations Intern,Post Graduate Student
A2516,Talent Acquisition Intern,Pursuing MBA
A2517,Talent Acquisition Intern,Post Graduate Student
A2518,Talent Acquisition Intern,Graduate
A2519,Talent Acquisition Intern,Pursuing MBA
A2520,HR Intern,Post Graduate Student
A2521,Recruitment Intern,Graduation (Final Year)
A2522,HR Operations Intern,Graduation (Final Year)
A2523,Recruitment Intern,Post Graduate Student
A2524,HR Intern,Graduate
A2525,Recruitment Intern,Post Graduate Student
A2526,HR Operations Intern,Graduation (Final Year)
A2527,Talent Acquisition Intern,Post Graduate Student
A2528,Talent Acquisition Intern,Post Graduate Student
A2529,HR Operations Intern,Graduation (Final Year)
A2530,HR Operations Intern,Post Graduate Student
A2531,Learning & Development Intern,Graduate
A2532,HR Intern,Pursuing MBA
A2533,Talent Acquisition Intern,Post Graduate Student
A2534,HR Operations Intern,Graduate
A2535,HR Intern,Pursuing MBA
A2536,Learning & Development Intern,Graduate
A2537,HR Operations Intern,Graduate
A2538,Talent Acquisition Intern,Post Graduate Student
A2539,HR Operations Intern,Graduation (Final Year)
A2540,HR Operations Intern,Graduate
A2541,Learning & Development Intern,Pursuing MBA
A2542,HR Operations Intern,Pursuing MBA
A2543,HR Intern,Pursuing MBA
A2544,Learning & Development Intern,Pursuing MBA
A2545,Talent Acquisition Intern,Graduate
A2546,HR Intern,Graduate
A2547,Talent Acquisition Intern,Graduate
A2548,Learning & Development Intern,Graduate
A2549,Talent Acquisition Intern,Pursuing MBA
A2550,HR Operations Intern,Pursuing MBA
A2551,HR Operations Intern,Pursuing MBA
A2552,Recruitment Intern,Post Graduate Student
A2553,HR Operations Intern,Graduate
A2554,Learning & Development Intern,Graduation (Final Year)
A2555,HR Operations Intern,Graduation (Final Year)
A2556,HR Operations Intern,Pursuing MBA
A2557,HR Intern,Graduate
A2558,Recruitment Intern,Graduate
A2559,Recruitment Intern,Graduation (Final Year)
A2560,HR Intern,Pursuing MBA
A2561,Learning & Development Intern,Post Graduate Student
A2562,Recruitment Intern,Graduate
A2563,HR Intern,Graduate
A2564,Learning & Development Intern,Graduation (Final Year)
A2565,HR Operations Intern,Post Graduate Student
A2566,HR Operations Intern,Post Graduate Student
A2567,Recruitment Intern,Pursuing MBA
A2568,Recruitment Intern,Graduate
A2569,Learning & Development Intern,Graduation (Final Year)
A2570,HR Intern,Graduation (Final Year)
A2571,HR Operations Intern,Graduation (Final Year)
A2572,HR Operations Intern,Graduation (Final Year)
A2573,Recruitment Intern,Pursuing MBA
A2574,HR Operations Intern,Graduation (Final Year)
A2575,HR Operations Intern,Pursuing MBA
A2576,HR Operations Intern,Post Graduate Student
A2577,Recruitment Intern,Post Graduate Student
A2578,Talent Acquisition Intern,Post Graduate Student
A2579,HR Operations Intern,Post Graduate Student
A2580,Recruitment Intern,Graduate
A2581,Recruitment Intern,Graduate
A2582,Learning & Development Intern,Post Graduate Student
A2583,HR Operations Intern,Post Graduate Student
A2584,HR Operations Intern,Graduate
A2585,HR Operations Intern,Post Graduate Student
A2586,Talent Acquisition Intern,Pursuing MBA
A2587,Recruitment Intern,Graduate
A2588,HR Operations Intern,Pursuing MBA
A2589,Recruitment Intern,Pursuing MBA
A2590,HR Operations Intern,Pursuing MBA
A2591,Talent Acquisition Intern,Pursuing MBA
A2592,Recruitment Intern,Graduation (Final Year)
A2593,Talent Acquisition Intern,Graduation (Final Year)
A2594,HR Operations Intern,Post Graduate Student
A2595,Talent Acquisition Intern,Post Graduate Student
A2596,Learning & Development Intern,Graduate
A2597,Recruitment Intern,Graduate
A2598,Recruitment Intern,Graduation (Final Year)
A2599,HR Operations Intern,Post Graduate Student
A2600,HR Operations Intern,Post Graduate Student
A2601,Recruitment Intern,Post Graduate Student
A2602,HR Intern,Post Graduate Student
A2603,HR Operations Intern,Graduate
A2604,Learning & Development Intern,Post Graduate Student
A2605,Talent Acquisition Intern,Graduation (Final Year)
A2606,HR Operations Intern,Post Graduate Student
A2607,HR Intern,Graduate
A2608,Learning & Development Intern,Graduate
A2609,Talent Acquisition Intern,Graduation (Final Year)
A2610,Talent Acquisition Intern,Pursuing MBA
A2611,Learning & Development Intern,Graduation (Final Year)
A2612,Talent Acquisition Intern,Graduation (Final Year)
A2613,HR Operations Intern,Graduate
A2614,Learning & Development Intern,Graduation (Final Year)
A2615,Learning & Development Intern,Pursuing MBA
A2616,Learning & Development Intern,Graduation (Final Year)
A2617,HR Operations Intern,Graduation (Final Year)
A2618,HR Operations Intern,Pursuing MBA
A2619,HR Operations Intern,Graduation (Final Year)
A2620,Talent Acquisition Intern,Graduate
A2621,HR Intern,Pursuing MBA
A2622,HR Operations Intern,Graduation (Final Year)
A2623,Recruitment Intern,Graduation (Final Year)
A2624,HR Operations Intern,Pursuing MBA
A2625,HR Operations Intern,Graduation (Final Year)
A2626,HR Intern,Graduation (Final Year)
A2627,HR Intern,Post Graduate Student
A2628,Learning & Development Intern,Post Graduate Student
A2629,HR Intern,Pursuing MBA
A2630,Learning & Development Intern,Graduate
A2631,HR Operations Intern,Post Graduate Student
A2632,HR Operations Intern,Graduation (Final Year)
A2633,HR Intern,Pursuing MBA
A2634,Learning & Development Intern,Pursuing MBA
A2635,HR Operations Intern,Graduate
A2636,HR Intern,Graduation (Final Year)
A2637,Recruitment Intern,Graduate
A2638,HR Operations Intern,Pursuing MBA
A2639,Talent Acquisition Intern,Post Graduate Student
A2640,HR Operations Intern,Post Graduate Student
A2641,HR Intern,Graduation (Final Year)
A2642,Talent Acquisition Intern,Post Graduate Student
A2643,Learning & Development Intern,Graduate
A2644,HR Intern,Post Graduate Student
A2645,Talent Acquisition Intern,Graduation (Final Year)
A2646,Talent Acquisition Intern,Graduate
A2647,Learning & Development Intern,Pursuing MBA
A2648,HR Operations Intern,Graduation (Final Year)
A2649,Recruitment Intern,Post Graduate Student
A2650,HR Operations Intern,Graduate
A2651,HR Operations Intern,Graduate
A2652,HR Operations Intern,Graduate
A2653,Recruitment Intern,Pursuing MBA
A2654,Talent Acquisition Intern,Pursuing MBA
A2655,Learning & Development Intern,Post Graduate Student
A2656,Recruitment Intern,Post Graduate Student
A2657,HR Operations Intern,Graduation (Final Year)
A2658,Recruitment Intern,Post Graduate Student
A2659,HR Operations Intern,Post Graduate Student
A2660,HR Operations Intern,Graduate
A2661,Recruitment Intern,Graduate
A2662,HR Intern,Graduation (Final Year)
A2663,HR Intern,Pursuing MBA
A2664,HR Operations Intern,Graduation (Final Year)
A2665,HR Operations Intern,Pursuing MBA
A2666,Talent Acquisition Intern,Graduate
A2667,HR Intern,Graduation (Final Year)
A2668,HR Operations Intern,Graduation (Final Year)
A2669,Recruitment Intern,Graduation (Final Year)
A2670,Recruitment Intern,Graduation (Final Year)
A2671,HR Operations Intern,Post Graduate Student
A2672,HR Operations Intern,Graduate
A2673,Learning & Development Intern,Pursuing MBA
A2674,Talent Acquisition Intern,Graduate
A2675,HR Operations Intern,Post Graduate Student
A2676,HR Operations Intern,Graduation (Final Year)
A2677,Talent Acquisition Intern,Graduation (Final Year)
A2678,HR Operations Intern,Graduate
A2679,Talent Acquisition Intern,Graduate
A2680,HR Operations Intern,Graduate
A2681,HR Operations Intern,Pursuing MBA
A2682,Talent Acquisition Intern,Post Graduate Student
A2683,HR Operations Intern,Graduation (Final Year)
A2684,HR Operations Intern,Pursuing MBA
A2685,Learning & Development Intern,Post Graduate Student
A2686,HR Intern,Pursuing MBA
A2687,Learning & Development Intern,Graduation (Final Year)
A2688,HR Operations Intern,Post Graduate Student
A2689,Talent Acquisition Intern,Post Graduate Student
A2690,Learning & Development Intern,Graduate
A2691,Learning & Development Intern,Pursuing MBA
A2692,Talent Acquisition Intern,Graduate
A2693,Recruitment Intern,Post Graduate Student
A2694,HR Operations Intern,Graduation (Final Year)
A2695,Learning & Development Intern,Graduate
A2696,HR Operations Intern,Post Graduate Student
A2697,Talent Acquisition Intern,Pursuing MBA
A2698,Talent Acquisition Intern,Pursuing MBA
A2699,HR Intern,Graduation (Final Year)
A2700,Recruitment Intern,Graduation (Final Year)
A2701,Talent Acquisition Intern,Graduate
A2702,Learning & Development Intern,Post Graduate Student
A2703,HR Intern,Pursuing MBA
A2704,Talent Acquisition Intern,Graduation (Final Year)
A2705,Recruitment Intern,Pursuing MBA
A2706,HR Operations Intern,Graduate
A2707,HR Intern,Post Graduate Student
A2708,Talent Acquisition Intern,Post Graduate Student
A2709,HR Operations Intern,Post Graduate Student
A2710,Recruitment Intern,Post Graduate Student
A2711,Recruitment Intern,Post Graduate Student
A2712,Talent Acquisition Intern,Graduation (Final Year)
A2713,HR Operations Intern,Post Graduate Student
A2714,Talent Acquisition Intern,Graduate
A2715,Talent Acquisition Intern,Graduate
A2716,Recruitment Intern,Graduation (Final Year)
A2717,HR Operations Intern,Pursuing MBA
A2718,Talent Acquisition Intern,Graduate
A2719,HR Operations Intern,Graduation (Final Year)
A2720,Talent Acquisition Intern,Graduation (Final Year)
A2721,HR Operations Intern,Graduate
A2722,HR Intern,Post Graduate Student
A2723,Learning & Development Intern,Graduate
A2724,HR Intern,Graduate
A2725,Talent Acquisition Intern,Post Graduate Student
A2726,HR Intern,Post Graduate Student
A2727,HR Operations Intern,Graduate
A2728,Talent Acquisition Intern,Pursuing MBA
A2729,HR Operations Intern,Post Graduate Student
A2730,HR Intern,Graduate
A2731,HR Operations Intern,Graduate
A2732,HR Operations Intern,Pursuing MBA
A2733,Recruitment Intern,Graduate
A2734,Talent Acquisition Intern,Post Graduate Student
A2735,HR Intern,Pursuing MBA
A2736,HR Intern,Graduate
A2737,Recruitment Intern,Pursuing MBA
A2738,HR Operations Intern,Graduation (Final Year)
A2739,HR Intern,Graduation (Final Year)
A2740,Recruitment Intern,Post Graduate Student
A2741,HR Operations Intern,Post Graduate Student
A2742,HR Operations Intern,Pursuing MBA
A2743,HR Operations Intern,Post Graduate Student
A2744,Recruitment Intern,Graduate
A2745,Talent Acquisition Intern,Graduate
A2746,Learning & Development Intern,Pursuing MBA
A2747,HR Operations Intern,Graduation (Final Year)
A2748,HR Intern,Pursuing MBA
A2749,Talent Acquisition Intern,Post Graduate Student
A2750,Talent Acquisition Intern,Graduate
A2751,Recruitment Intern,Post Graduate Student
A2752,HR Operations Intern,Pursuing MBA
A2753,Recruitment Intern,Graduation (Final Year)
A2754,HR Operations Intern,Graduate
A2755,Talent Acquisition Intern,Post Graduate Student
A2756,HR Intern,Graduation (Final Year)
A2757,Learning & Development Intern,Post Graduate Student
A2758,HR Operations Intern,Post Graduate Student
A2759,Recruitment Intern,Graduate
A2760,HR Intern,Pursuing MBA
A2761,HR Operations Intern,Pursuing MBA
A2762,Talent Acquisition Intern,Post Graduate Student
A2763,Recruitment Intern,Graduation (Final Year)
A2764,HR Operations Intern,Post Graduate Student
A2765,HR Operations Intern,Pursuing MBA
A2766,HR Operations Intern,Graduate
A2767,HR Operations Intern,Pursuing MBA
A2768,HR Operations Intern,Post Graduate Student
A2769,Learning & Development Intern,Graduate
A2770,HR Intern,Pursuing MBA
A2771,Recruitment Intern,Graduation (Final Year)
A2772,HR Operations Intern,Graduation (Final Year)
A2773,HR Operations Intern,Pursuing MBA
A2774,HR Operations Intern,Graduate
A2775,Recruitment Intern,Graduate
A2776,HR Operations Intern,Post Graduate Student
A2777,Talent Acquisition Intern,Pursuing MBA
A2778,HR Operations Intern,Graduate
A2779,HR Operations Intern,Graduation (Final Year)
A2780,HR Operations Intern,Post Graduate Student
A2781,Talent Acquisition Intern,Post Graduate Student
A2782,HR Operations Intern,Graduation (Final Year)
A2783,Talent Acquisition Intern,Pursuing MBA
A2784,HR Intern,Pursuing MBA
A2785,Recruitment Intern,Post Graduate Student
A2786,Learning & Development Intern,Graduation (Final Year)
A2787,Learning & Development Intern,Graduation (Final Year)
A2788,HR Operations Intern,Graduate
A2789,HR Intern,Post Graduate Student
A2790,Recruitment Intern,Post Graduate Student
A2791,HR Operations Intern,Graduate
A2792,Recruitment Intern,Graduate
A2793,Recruitment Intern,Graduate
A2794,HR Intern,Graduation (Final Year)
A2795,HR Operations Intern,Post Graduate Student
A2796,HR Intern,Post Graduate Student
A2797,HR Operations Intern,Post Graduate Student
A2798,Recruitment Intern,Pursuing MBA
A2799,Talent Acquisition Intern,Pursuing MBA
A2800,Learning & Development Intern,Pursuing MBA
A2801,Recruitment Intern,Pursuing MBA
A2802,Recruitment Intern,Graduation (Final Year)
A2803,Talent Acquisition Intern,Post Graduate Student
A2804,HR Operations Intern,Graduate
A2805,Recruitment Intern,Post Graduate Student
A2806,Learning & Development Intern,Graduation (Final Year)
A2807,Learning & Development Intern,Pursuing MBA
A2808,HR Operations Intern,Post Graduate Student
A2809,Recruitment Intern,Post Graduate Student
A2810,HR Intern,Post Graduate Student
A2811,Learning & Development Intern,Graduation (Final Year)
A2812,HR Operations Intern,Graduation (Final Year)
A2813,Learning & Development Intern,Post Graduate Student
A2814,Learning & Development Intern,Post Graduate Student
A2815,Learning & Development Intern,Post Graduate Student
A2816,Learning & Development Intern,Graduation (Final Year)
A2817,HR Intern,Graduate
A2818,HR Intern,Post Graduate Student
A2819,Recruitment Intern,Pursuing MBA
A2820,Recruitment Intern,Post Graduate Student
A2821,Learning & Development Intern,Graduate
A2822,HR Operations Intern,Graduate
A2823,HR Operations Intern,Graduation (Final Year)
A2824,HR Intern,Post Graduate Student
A2825,Talent Acquisition Intern,Graduation (Final Year)
A2826,HR Intern,Graduate
A2827,HR Operations Intern,Graduate
A2828,Talent Acquisition Intern,Graduation (Final Year)
A2829,HR Operations Intern,Graduation (Final Year)
A2830,HR Operations Intern,Pursuing MBA
A2831,Talent Acquisition Intern,Post Graduate Student
A2832,Recruitment Intern,Pursuing MBA
A2833,HR Operations Intern,Graduation (Final Year)
A2834,Learning & Development Intern,Post Graduate Student
A2835,Talent Acquisition Intern,Graduate
A2836,Talent Acquisition Intern,Post Graduate Student
A2837,Talent Acquisition Intern,Graduate
A2838,Learning & Development Intern,Graduation (Final Year)
A2839,Talent Acquisition Intern,Post Graduate Student
A2840,Talent Acquisition Intern,Graduation (Final Year)
A2841,Recruitment Intern,Post Graduate Student
A2842,Learning & Development Intern,Graduation (Final Year)
A2843,HR Operations Intern,Graduate
A2844,HR Operations Intern,Pursuing MBA
A2845,HR Operations Intern,Pursuing MBA
A2846,HR Operations Intern,Post Graduate Student
A2847,Talent Acquisition Intern,Pursuing MBA
A2848,Recruitment Intern,Graduation (Final Year)
A2849,Talent Acquisition Intern,Graduation (Final Year)
A2850,Recruitment Intern,Post Graduate Student
A2851,HR Operations Intern,Post Graduate Student
A2852,HR Operations Intern,Graduation (Final Year)
A2853,HR Intern,Pursuing MBA
A2854,HR Operations Intern,Graduate
A2855,Recruitment Intern,Pursuing MBA
A2856,Learning & Development Intern,Post Graduate Student
A2857,Talent Acquisition Intern,Graduate
A2858,HR Operations Intern,Post Graduate Student
A2859,Learning & Development Intern,Graduate
A2860,Recruitment Intern,Post Graduate Student
A2861,HR Intern,Post Graduate Student
A2862,Recruitment Intern,Post Graduate Student
A2863,HR Operations Intern,Post Graduate Student
A2864,Talent Acquisition Intern,Graduation (Final Year)
A2865,HR Operations Intern,Post Graduate Student
A2866,Learning & Development Intern,Graduation (Final Year)
A2867,Learning & Development Intern,Post Graduate Student
A2868,HR Operations Intern,Graduate
A2869,Recruitment Intern,Post Graduate Student
A2870,Recruitment Intern,Graduation (Final Year)
A2871,Talent Acquisition Intern,Pursuing MBA
A2872,Learning & Development Intern,Pursuing MBA
A2873,Recruitment Intern,Post Graduate Student
A2874,Recruitment Intern,Graduate
A2875,HR Operations Intern,Graduate
A2876,HR Operations Intern,Pursuing MBA
A2877,HR Operations Intern,Graduate
A2878,HR Intern,Pursuing MBA
A2879,Talent Acquisition Intern,Pursuing MBA
A2880,Learning & Development Intern,Pursuing MBA
A2881,Talent Acquisition Intern,Graduate
A2882,Recruitment Intern,Graduation (Final Year)
A2883,HR Operations Intern,Pursuing MBA
A2884,HR Operations Intern,Pursuing MBA
A2885,Talent Acquisition Intern,Post Graduate Student
A2886,Talent Acquisition Intern,Pursuing MBA
A2887,Talent Acquisition Intern,Graduate
A2888,HR Operations Intern,Pursuing MBA
A2889,HR Intern,Graduate
A2890,Talent Acquisition Intern,Graduation (Final Year)
A2891,HR Intern,Graduate
A2892,HR Operations Intern,Graduation (Final Year)
A2893,HR Operations Intern,Pursuing MBA
A2894,HR Intern,Graduate
A2895,Learning & Development Intern,Pursuing MBA
A2896,HR Operations Intern,Graduation (Final Year)
A2897,HR Intern,Graduation (Final Year)
A2898,HR Intern,Graduation (Final Year)
A2899,Recruitment Intern,Post Graduate Student
A2900,Learning & Development Intern,Graduate
A2901,HR Intern,Graduate
A2902,Learning & Development Intern,Post Graduate Student
A2903,Learning & Development Intern,Post Graduate Student
A2904,HR Operations Intern,Post Graduate Student
A2905,Talent Acquisition Intern,Graduation (Final Year)
A2906,Learning & Development Intern,Post Graduate Student
A2907,Talent Acquisition Intern,Post Graduate Student
A2908,Recruitment Intern,Graduation (Final Year)
A2909,HR Operations Intern,Pursuing MBA
A2910,Learning & Development Intern,Graduate
A2911,Learning & Development Intern,Pursuing MBA
A2912,HR Operations Intern,Graduation (Final Year)
A2913,Learning & Development Intern,Graduation (Final Year)
A2914,Recruitment Intern,Graduate
A2915,Learning & Development Intern,Graduate
A2916,HR Operations Intern,Graduation (Final Year)
A2917,Learning & Development Intern,Post Graduate Student
A2918,HR Intern,Graduation (Final Year)
A2919,HR Operations Intern,Pursuing MBA
A2920,HR Operations Intern,Graduate
A2921,HR Intern,Graduate
A2922,Talent Acquisition Intern,Graduation (Final Year)
A2923,Learning & Development Intern,Pursuing MBA
A2924,HR Intern,Post Graduate Student
A2925,Recruitment Intern,Graduate
A2926,HR Intern,Graduate
A2927,Talent Acquisition Intern,Graduate
A2928,Talent Acquisition Intern,Graduation (Final Year)
A2929,Learning & Development Intern,Pursuing MBA
A2930,HR Operations Intern,Graduation (Final Year)
A2931,HR Operations Intern,Pursuing MBA
A2932,Learning & Development Intern,Post Graduate Student
A2933,HR Intern,Post Graduate Student
A2934,HR Operations Intern,Graduate
A2935,Recruitment Intern,Pursuing MBA
A2936,Recruitment Intern,Graduate
A2937,HR Operations Intern,Pursuing MBA
A2938,HR Operations Intern,Graduation (Final Year)
A2939,HR Operations Intern,Pursuing MBA
A2940,Talent Acquisition Intern,Pursuing MBA
A2941,HR Intern,Pursuing MBA
A2942,HR Intern,Graduation (Final Year)
A2943,HR Operations Intern,Post Graduate Student
A2944,HR Operations Intern,Graduate
A2945,HR Operations Intern,Post Graduate Student
A2946,Talent Acquisition Intern,Pursuing MBA
A2947,Learning & Development Intern,Graduation (Final Year)
A2948,HR Operations Intern,Post Graduate Student
A2949,HR Operations Intern,Pursuing MBA
A2950,Talent Acquisition Intern,Graduation (Final Year)
A2951,HR Operations Intern,Pursuing MBA
A2952,HR Intern,Post Graduate Student
A2953,HR Operations Intern,Graduation (Final Year)
A2954,HR Intern,Graduate
A2955,Learning & Development Intern,Graduation (Final Year)
A2956,HR Intern,Graduate
A2957,Talent Acquisition Intern,Graduate
A2958,Recruitment Intern,Graduation (Final Year)
A2959,HR Operations Intern,Graduate
A2960,HR Operations Intern,Graduation (Final Year)
A2961,Learning & Development Intern,Post Graduate Student
A2962,Talent Acquisition Intern,Pursuing MBA
A2963,Learning & Development Intern,Graduation (Final Year)
A2964,Learning & Development Intern,Graduation (Final Year)
A2965,Learning & Development Intern,Graduate
A2966,HR Operations Intern,Pursuing MBA
A2967,Learning & Development Intern,Post Graduate Student
A2968,Learning & Development Intern,Graduation (Final Year)
A2969,HR Operations Intern,Graduate
A2970,Talent Acquisition Intern,Graduation (Final Year)
A2971,HR Operations Intern,Graduate
A2972,HR Operations Intern,Post Graduate Student
A2973,Recruitment Intern,Pursuing MBA
A2974,Learning & Development Intern,Post Graduate Student
A2975,Learning & Development Intern,Graduation (Final Year)
A2976,HR Intern,Graduation (Final Year)
A2977,HR Intern,Post Graduate Student
A2978,HR Operations Intern,Graduate
A2979,Learning & Development Intern,Post Graduate Student
A2980,Talent Acquisition Intern,Pursuing MBA
A2981,Learning & Development Intern,Graduation (Final Year)
A2982,Recruitment Intern,Graduation (Final Year)
A2983,Recruitment Intern,Graduate
A2984,HR Operations Intern,Graduation (Final Year)
A2985,HR Operations Intern,Graduate
A2986,Learning & Development Intern,Graduate
A2987,Talent Acquisition Intern,Pursuing MBA
A2988,HR Intern,Graduation (Final Year)
A2989,Talent Acquisition Intern,Graduate
A2990,Talent Acquisition Intern,Post Graduate Student
A2991,Recruitment Intern,Pursuing MBA
A2992,HR Operations Intern,Graduation (Final Year)
A2993,Learning & Development Intern,Pursuing MBA
A2994,Recruitment Intern,Pursuing MBA
A2995,Recruitment Intern,Pursuing MBA
A2996,Talent Acquisition Intern,Pursuing MBA
A2997,Learning & Development Intern,Pursuing MBA
A2998,HR Operations Intern,Pursuing MBA
A2999,HR Intern,Graduation (Final Year)
A3000,Learning & Development Intern,Graduate
A3001,Recruitment Intern,Graduate
A3002,Learning & Development Intern,Pursuing MBA
A3003,HR Operations Intern,Graduate
A3004,HR Operations Intern,Graduation (Final Year)
A3005,HR Operations Intern,Graduate
A3006,HR Operations Intern,Graduation (Final Year)
A3007,Talent Acquisition Intern,Post Graduate Student
A3008,Talent Acquisition Intern,Post Graduate Student
A3009,Recruitment Intern,Pursuing MBA
A3010,Recruitment Intern,Graduate
A3011,HR Intern,Post Graduate Student
A3012,Learning & Development Intern,Graduation (Final Year)
A3013,Recruitment Intern,Graduation (Final Year)
A3014,HR Operations Intern,Pursuing MBA
A3015,Recruitment Intern,Graduate
A3016,Learning & Development Intern,Post Graduate Student
A3017,Talent Acquisition Intern,Pursuing MBA
A3018,Learning & Development Intern,Graduation (Final Year)
A3019,Recruitment Intern,Graduation (Final Year)
A3020,HR Operations Intern,Graduation (Final Year)
A3021,Recruitment Intern,Pursuing MBA
A3022,Recruitment Intern,Pursuing MBA
A3023,Talent Acquisition Intern,Graduation (Final Year)
A3024,HR Operations Intern,Post Graduate Student
A3025,HR Intern,Graduation (Final Year)
A3026,Talent Acquisition Intern,Graduate
A3027,Learning & Development Intern,Graduation (Final Year)
A3028,HR Operations Intern,Post Graduate Student
A3029,Recruitment Intern,Post Graduate Student
A3030,Talent Acquisition Intern,Pursuing MBA
A3031,Learning & Development Intern,Pursuing MBA
A3032,Talent Acquisition Intern,Graduate
A3033,HR Intern,Graduate
A3034,Learning & Development Intern,Graduate
A3035,Recruitment Intern,Graduation (Final Year)
A3036,Recruitment Intern,Graduate
A3037,HR Operations Intern,Post Graduate Student
A3038,HR Operations Intern,Graduation (Final Year)
A3039,HR Intern,Pursuing MBA
A3040,HR Operations Intern,Graduation (Final Year)
A3041,HR Intern,Pursuing MBA
A3042,Talent Acquisition Intern,Graduate
A3043,Talent Acquisition Intern,Pursuing MBA
A3044,Talent Acquisition Intern,Pursuing MBA
A3045,Learning & Development Intern,Graduation (Final Year)
A3046,Talent Acquisition Intern,Graduation (Final Year)
A3047,HR Operations Intern,Pursuing MBA
A3048,Talent Acquisition Intern,Graduate
A3049,HR Operations Intern,Graduate
A3050,HR Operations Intern,Pursuing MBA
A3051,Recruitment Intern,Pursuing MBA
A3052,HR Operations Intern,Graduate
A3053,HR Intern,Post Graduate Student
A3054,HR Operations Intern,Graduation (Final Year)
A3055,HR Operations Intern,Post Graduate Student
A3056,HR Operations Intern,Pursuing MBA
A3057,HR Operations Intern,Graduate
A3058,Talent Acquisition Intern,Graduation (Final Year)
A3059,Recruitment Intern,Pursuing MBA
A3060,HR Intern,Graduation (Final Year)
A3061,HR Operations Intern,Graduate
A3062,HR Operations Intern,Pursuing MBA
A3063,HR Operations Intern,Graduation (Final Year)
A3064,HR Intern,Graduate
A3065,Recruitment Intern,Graduation (Final Year)
A3066,HR Intern,Post Graduate Student
A3067,Learning & Development Intern,Graduation (Final Year)
A3068,HR Operations Intern,Graduation (Final Year)
A3069,Learning & Development Intern,Graduate
A3070,Recruitment Intern,Pursuing MBA
A3071,Talent Acquisition Intern,Graduate
A3072,Talent Acquisition Intern,Post Graduate Student
A3073,Learning & Development Intern,Post Graduate Student
A3074,Talent Acquisition Intern,Graduation (Final Year)
A3075,HR Intern,Graduation (Final Year)
A3076,Learning & Development Intern,Graduate
A3077,Learning & Development Intern,Pursuing MBA
A3078,Talent Acquisition Intern,Pursuing MBA
A3079,Learning & Development Intern,Graduate
A3080,HR Operations Intern,Post Graduate Student
A3081,Recruitment Intern,Pursuing MBA
A3082,Learning & Development Intern,Pursuing MBA
A3083,Talent Acquisition Intern,Graduation (Final Year)
A3084,Talent Acquisition Intern,Graduate
A3085,HR Operations Intern,Post Graduate Student
A3086,HR Operations Intern,Graduation (Final Year)
A3087,Learning & Development Intern,Graduation (Final Year)
A3088,Talent Acquisition Intern,Graduation (Final Year)
A3089,Recruitment Intern,Pursuing MBA
A3090,Talent Acquisition Intern,Pursuing MBA
A3091,Learning & Development Intern,Graduate
A3092,HR Intern,Pursuing MBA
A3093,HR Intern,Graduation (Final Year)
A3094,HR Operations Intern,Pursuing MBA
A3095,Recruitment Intern,Graduate
A3096,Talent Acquisition Intern,Post Graduate Student
A3097,HR Operations Intern,Post Graduate Student
A3098,HR Operations Intern,Graduation (Final Year)
A3099,Learning & Development Intern,Graduate
A3100,HR Operations Intern,Graduate
A3101,HR Operations Intern,Pursuing MBA
A3102,HR Operations Intern,Graduation (Final Year)
A3103,Learning & Development Intern,Pursuing MBA
A3104,HR Operations Intern,Post Graduate Student
A3105,HR Intern,Graduation (Final Year)
A3106,Talent Acquisition Intern,Graduation (Final Year)
A3107,HR Operations Intern,Pursuing MBA
A3108,HR Operations Intern,Graduate
A3109,HR Operations Intern,Pursuing MBA
A3110,Talent Acquisition Intern,Pursuing MBA
A3111,HR Intern,Graduation (Final Year)
A3112,Recruitment Intern,Graduation (Final Year)
A3113,Learning & Development Intern,Graduation (Final Year)
A3114,HR Operations Intern,Graduate
A3115,Talent Acquisition Intern,Post Graduate Student
A3116,Talent Acquisition Intern,Graduation (Final Year)
A3117,HR Intern,Graduation (Final Year)
A3118,Talent Acquisition Intern,Pursuing MBA
A3119,HR Intern,Graduation (Final Year)
A3120,HR Intern,Post Graduate Student
A3121,HR Operations Intern,Post Graduate Student
A3122,Talent Acquisition Intern,Graduate
A3123,Learning & Development Intern,Graduation (Final Year)
A3124,Talent Acquisition Intern,Post Graduate Student
A3125,HR Operations Intern,Pursuing MBA
A3126,Learning & Development Intern,Pursuing MBA
A3127,Recruitment Intern,Post Graduate Student
A3128,Talent Acquisition Intern,Graduation (Final Year)
A3129,HR Operations Intern,Graduation (Final Year)
A3130,HR Operations Intern,Pursuing MBA
A3131,HR Operations Intern,Pursuing MBA
A3132,Learning & Development Intern,Pursuing MBA
A3133,HR Operations Intern,Graduate
A3134,Talent Acquisition Intern,Pursuing MBA
A3135,HR Intern,Pursuing MBA
A3136,Recruitment Intern,Graduate
A3137,Learning & Development Intern,Graduate
A3138,Talent Acquisition Intern,Post Graduate Student
A3139,HR Operations Intern,Graduation (Final Year)
A3140,Recruitment Intern,Graduate
A3141,Talent Acquisition Intern,Pursuing MBA
A3142,Recruitment Intern,Post Graduate Student
A3143,HR Operations Intern,Post Graduate Student
A3144,Talent Acquisition Intern,Pursuing MBA
A3145,Learning & Development Intern,Graduation (Final Year)
A3146,HR Intern,Graduation (Final Year)
A3147,Learning & Development Intern,Pursuing MBA
A3148,HR Intern,Graduate
A3149,HR Intern,Graduate
A3150,HR Operations Intern,Graduation (Final Year)
A3151,Talent Acquisition Intern,Post Graduate Student
A3152,HR Operations Intern,Pursuing MBA
A3153,Talent Acquisition Intern,Pursuing MBA
A3154,HR Intern,Pursuing MBA
A3155,Recruitment Intern,Pursuing MBA
A3156,Learning & Development Intern,Graduate
A3157,Recruitment Intern,Post Graduate Student
A3158,Recruitment Intern,Graduate
A3159,HR Operations Intern,Post Graduate Student
A3160,HR Operations Intern,Graduation (Final Year)
A3161,HR Operations Intern,Pursuing MBA
A3162,HR Intern,Graduate
A3163,Recruitment Intern,Pursuing MBA
A3164,Recruitment Intern,Pursuing MBA
A3165,Learning & Development Intern,Graduation (Final Year)
A3166,Learning & Development Intern,Pursuing MBA
A3167,Recruitment Intern,Post Graduate Student
A3168,Recruitment Intern,Graduation (Final Year)
A3169,HR Operations Intern,Graduate
A3170,Learning & Development Intern,Post Graduate Student
A3171,HR Intern,Post Graduate Student
A3172,HR Intern,Graduation (Final Year)
A3173,Recruitment Intern,Graduation (Final Year)
A3174,Learning & Development Intern,Post Graduate Student
A3175,Talent Acquisition Intern,Graduate
A3176,HR Operations Intern,Pursuing MBA
A3177,HR Intern,Pursuing MBA
A3178,Recruitment Intern,Graduate
A3179,Recruitment Intern,Pursuing MBA
A3180,Learning & Development Intern,Pursuing MBA
A3181,HR Operations Intern,Graduate
A3182,HR Operations Intern,Post Graduate Student
A3183,Recruitment Intern,Pursuing MBA
A3184,Recruitment Intern,Pursuing MBA
A3185,Recruitment Intern,Pursuing MBA
A3186,HR Operations Intern,Pursuing MBA
A3187,Learning & Development Intern,Graduation (Final Year)
A3188,Learning & Development Intern,Post Graduate Student
A3189,Learning & Development Intern,Pursuing MBA
A3190,HR Operations Intern,Graduate
A3191,Recruitment Intern,Graduation (Final Year)
A3192,Recruitment Intern,Post Graduate Student
A3193,HR Intern,Post Graduate Student
A3194,Recruitment Intern,Graduate
A3195,Talent Acquisition Intern,Post Graduate Student
A3196,Talent Acquisition Intern,Graduation (Final Year)
A3197,HR Intern,Graduation (Final Year)
A3198,HR Intern,Graduation (Final Year)
A3199,HR Intern,Post Graduate Student
A3200,HR Operations Intern,Graduation (Final Year)
A3201,Talent Acquisition Intern,Post Graduate Student
A3202,HR Operations Intern,Pursuing MBA
A3203,HR Operations Intern,Graduate
A3204,Learning & Development Intern,Graduation (Final Year)
A3205,Talent Acquisition Intern,Graduation (Final Year)
A3206,HR Operations Intern,Graduate
A3207,HR Intern,Graduation (Final Year)
A3208,Talent Acquisition Intern,Graduate
A3209,HR Operations Intern,Pursuing MBA
A3210,HR Intern,Graduate
A3211,HR Operations Intern,Post Graduate Student
A3212,HR Intern,Post Graduate Student
A3213,HR Intern,Graduation (Final Year)
A3214,Learning & Development Intern,Graduation (Final Year)
A3215,Learning & Development Intern,Graduate
A3216,HR Operations Intern,Graduate
A3217,Talent Acquisition Intern,Pursuing MBA
A3218,Talent Acquisition Intern,Pursuing MBA
A3219,Recruitment Intern,Post Graduate Student
A3220,Recruitment Intern,Pursuing MBA
A3221,HR Operations Intern,Graduate
A3222,Recruitment Intern,Pursuing MBA
A3223,HR Operations Intern,Graduation (Final Year)
A3224,HR Operations Intern,Post Graduate Student
A3225,HR Operations Intern,Graduate
A3226,HR Intern,Pursuing MBA
A3227,Recruitment Intern,Graduation (Final Year)
A3228,HR Intern,Pursuing MBA
A3229,HR Operations Intern,Graduation (Final Year)
A3230,HR Operations Intern,Graduation (Final Year)
A3231,HR Operations Intern,Graduation (Final Year)
A3232,HR Operations Intern,Pursuing MBA
A3233,Learning & Development Intern,Pursuing MBA
A3234,HR Operations Intern,Graduation (Final Year)
A3235,Learning & Development Intern,Post Graduate Student
A3236,Talent Acquisition Intern,Graduate
A3237,HR Operations Intern,Pursuing MBA
A3238,HR Operations Intern,Graduate
A3239,HR Operations Intern,Graduate
A3240,HR Operations Intern,Graduation (Final Year)
A3241,HR Operations Intern,Pursuing MBA
A3242,Recruitment Intern,Graduation (Final Year)
A3243,HR Intern,Graduate
A3244,HR Operations Intern,Pursuing MBA
A3245,HR Intern,Post Graduate Student
A3246,HR Operations Intern,Post Graduate Student
A3247,Learning & Development Intern,Pursuing MBA
A3248,HR Intern,Pursuing MBA
A3249,HR Operations Intern,Graduation (Final Year)
A3250,HR Operations Intern,Post Graduate Student
A3251,Talent Acquisition Intern,Post Graduate Student
A3252,Recruitment Intern,Graduate
A3253,HR Intern,Pursuing MBA
A3254,Learning & Development Intern,Graduation (Final Year)
A3255,HR Intern,Graduate
A3256,Recruitment Intern,Pursuing MBA
A3257,Talent Acquisition Intern,Post Graduate Student
A3258,HR Operations Intern,Graduate
A3259,Recruitment Intern,Post Graduate Student
A3260,HR Intern,Post Graduate Student
A3261,HR Operations Intern,Graduation (Final Year)
A3262,Talent Acquisition Intern,Graduate
A3263,Recruitment Intern,Pursuing MBA
A3264,Talent Acquisition Intern,Graduation (Final Year)
A3265,HR Operations Intern,Graduation (Final Year)
A3266,HR Operations Intern,Post Graduate Student
A3267,Recruitment Intern,Pursuing MBA
A3268,Learning & Development Intern,Pursuing MBA
A3269,Learning & Development Intern,Graduation (Final Year)
A3270,HR Intern,Pursuing MBA
A3271,HR Intern,Graduation (Final Year)
A3272,HR Intern,Post Graduate Student
A3273,HR Intern,Pursuing MBA
A3274,HR Intern,Graduation (Final Year)
A3275,HR Operations Intern,Post Graduate Student
A3276,Learning & Development Intern,Pursuing MBA
A3277,Talent Acquisition Intern,Post Graduate Student
A3278,HR Operations Intern,Graduation (Final Year)
A3279,HR Intern,Graduation (Final Year)
A3280,HR Operations Intern,Graduation (Final Year)
A3281,Talent Acquisition Intern,Graduation (Final Year)
A3282,Learning & Development Intern,Graduate
A3283,HR Intern,Post Graduate Student
A3284,HR Operations Intern,Pursuing MBA
A3285,HR Operations Intern,Graduation (Final Year)
A3286,Talent Acquisition Intern,Graduation (Final Year)
A3287,HR Operations Intern,Graduation (Final Year)
A3288,Learning & Development Intern,Pursuing MBA
A3289,Learning & Development Intern,Pursuing MBA
A3290,Recruitment Intern,Graduate
A3291,Talent Acquisition Intern,Post Graduate Student
A3292,Learning & Development Intern,Post Graduate Student
A3293,Learning & Development Intern,Graduation (Final Year)
A3294,HR Operations Intern,Post Graduate Student
A3295,Recruitment Intern,Pursuing MBA
A3296,HR Operations Intern,Graduation (Final Year)
A3297,HR Intern,Graduate
A3298,HR Operations Intern,Post Graduate Student
A3299,Talent Acquisition Intern,Post Graduate Student
A3300,Recruitment Intern,Graduation (Final Year)
A3301,HR Operations Intern,Graduation (Final Year)
A3302,Talent Acquisition Intern,Graduate
A3303,Learning & Development Intern,Post Graduate Student
A3304,Learning & Development Intern,Post Graduate Student
A3305,HR Intern,Post Graduate Student
A3306,HR Operations Intern,Post Graduate Student
A3307,Talent Acquisition Intern,Post Graduate Student
A3308,HR Operations Intern,Graduation (Final Year)
A3309,Recruitment Intern,Graduate
A3310,HR Intern,Graduation (Final Year)
A3311,HR Operations Intern,Pursuing MBA
A3312,HR Intern,Graduation (Final Year)
A3313,HR Intern,Graduation (Final Year)
A3314,HR Intern,Post Graduate Student
A3315,Learning & Development Intern,Pursuing MBA
A3316,Recruitment Intern,Graduate
A3317,HR Intern,Pursuing MBA
A3318,HR Intern,Graduation (Final Year)
A3319,HR Intern,Pursuing MBA
A3320,Recruitment Intern,Graduate
A3321,HR Intern,Post Graduate Student
A3322,Recruitment Intern,Graduation (Final Year)
A3323,HR Operations Intern,Post Graduate Student
A3324,HR Operations Intern,Graduate
A3325,HR Operations Intern,Graduation (Final Year)
A3326,HR Intern,Pursuing MBA
A3327,Talent Acquisition Intern,Graduation (Final Year)
A3328,Recruitment Intern,Pursuing MBA
A3329,HR Intern,Graduate
A3330,Talent Acquisition Intern,Pursuing MBA
A3331,HR Intern,Graduate
A3332,Recruitment Intern,Post Graduate Student
A3333,HR Intern,Post Graduate Student
A3334,HR Intern,Post Graduate Student
A3335,Learning & Development Intern,Graduation (Final Year)
A3336,HR Operations Intern,Pursuing MBA
A3337,HR Operations Intern,Pursuing MBA
A3338,HR Operations Intern,Graduate
A3339,Recruitment Intern,Graduate
A3340,HR Operations Intern,Post Graduate Student
A3341,HR Operations Intern,Graduate
A3342,Recruitment Intern,Graduate
A3343,Recruitment Intern,Graduate
A3344,Recruitment Intern,Graduation (Final Year)
A3345,HR Operations Intern,Pursuing MBA
A3346,Recruitment Intern,Graduation (Final Year)
A3347,Learning & Development Intern,Graduation (Final Year)
A3348,HR Operations Intern,Pursuing MBA
A3349,HR Intern,Post Graduate Student
A3350,HR Operations Intern,Graduate
A3351,Learning & Development Intern,Pursuing MBA
A3352,HR Intern,Pursuing MBA
A3353,Talent Acquisition Intern,Post Graduate Student
A3354,Learning & Development Intern,Graduation (Final Year)
A3355,Recruitment Intern,Pursuing MBA
A3356,HR Intern,Pursuing MBA
A3357,HR Operations Intern,Post Graduate Student
A3358,Recruitment Intern,Graduation (Final Year)
A3359,Recruitment Intern,Graduate
A3360,HR Operations Intern,Pursuing MBA
A3361,Talent Acquisition Intern,Graduation (Final Year)
A3362,Recruitment Intern,Pursuing MBA
A3363,HR Operations Intern,Pursuing MBA
A3364,Talent Acquisition Intern,Graduation (Final Year)
A3365,HR Operations Intern,Graduation (Final Year)
A3366,Talent Acquisition Intern,Post Graduate Student
A3367,Learning & Development Intern,Pursuing MBA
A3368,HR Operations Intern,Graduate
A3369,HR Operations Intern,Graduation (Final Year)
A3370,Talent Acquisition Intern,Pursuing MBA
A3371,HR Operations Intern,Post Graduate Student
A3372,HR Intern,Pursuing MBA
A3373,Talent Acquisition Intern,Graduation (Final Year)
A3374,Recruitment Intern,Pursuing MBA
A3375,HR Operations Intern,Graduate
A3376,HR Operations Intern,Post Graduate Student
A3377,HR Intern,Graduation (Final Year)
A3378,HR Operations Intern,Pursuing MBA
A3379,HR Intern,Graduation (Final Year)
A3380,HR Operations Intern,Graduate
A3381,Recruitment Intern,Graduate
A3382,Learning & Development Intern,Graduation (Final Year)
A3383,HR Intern,Pursuing MBA
A3384,Recruitment Intern,Graduate
A3385,HR Operations Intern,Pursuing MBA
A3386,Learning & Development Intern,Graduate
A3387,HR Operations Intern,Pursuing MBA
A3388,Talent Acquisition Intern,Post Graduate Student
A3389,Learning & Development Intern,Graduation (Final Year)
A3390,Talent Acquisition Intern,Graduate
A3391,HR Operations Intern,Graduation (Final Year)
A3392,Talent Acquisition Intern,Pursuing MBA
A3393,HR Operations Intern,Post Graduate Student
A3394,Talent Acquisition Intern,Pursuing MBA
A3395,HR Operations Intern,Graduate
A3396,HR Intern,Graduation (Final Year)
A3397,Talent Acquisition Intern,Graduate
A3398,HR Operations Intern,Graduate
A3399,Recruitment Intern,Graduate
A3400,Learning & Development Intern,Pursuing MBA
A3401,Learning & Development Intern,Graduate
A3402,Recruitment Intern,Graduate
A3403,HR Intern,Graduate
A3404,Recruitment Intern,Post Graduate Student
A3405,Talent Acquisition Intern,Pursuing MBA
A3406,Learning & Development Intern,Pursuing MBA
A3407,HR Intern,Pursuing MBA
A3408,Recruitment Intern,Post Graduate Student
A3409,Learning & Development Intern,Pursuing MBA
A3410,HR Operations Intern,Graduate
A3411,HR Operations Intern,Pursuing MBA
A3412,Learning & Development Intern,Post Graduate Student
A3413,Recruitment Intern,Graduation (Final Year)
A3414,Talent Acquisition Intern,Graduate
A3415,HR Intern,Graduation (Final Year)
A3416,HR Operations Intern,Graduation (Final Year)
A3417,HR Operations Intern,Graduation (Final Year)
A3418,Recruitment Intern,Post Graduate Student
A3419,HR Operations Intern,Graduation (Final Year)
A3420,HR Intern,Graduation (Final Year)
A3421,HR Operations Intern,Graduate
A3422,Recruitment Intern,Graduate
A3423,Recruitment Intern,Graduate
A3424,HR Intern,Pursuing MBA
A3425,HR Intern,Graduation (Final Year)
A3426,Learning & Development Intern,Graduation (Final Year)
A3427,Learning & Development Intern,Pursuing MBA
A3428,Talent Acquisition Intern,Graduation (Final Year)
A3429,HR Intern,Graduation (Final Year)
A3430,HR Intern,Post Graduate Student
A3431,Talent Acquisition Intern,Post Graduate Student
A3432,Recruitment Intern,Graduate
A3433,HR Operations Intern,Post Graduate Student
A3434,Talent Acquisition Intern,Graduate
A3435,HR Operations Intern,Graduation (Final Year)
A3436,Learning & Development Intern,Graduate
A3437,HR Operations Intern,Post Graduate Student
A3438,HR Operations Intern,Graduate
A3439,Learning & Development Intern,Graduation (Final Year)
A3440,HR Intern,Graduation (Final Year)
A3441,HR Intern,Post Graduate Student
A3442,Learning & Development Intern,Pursuing MBA
A3443,HR Operations Intern,Graduation (Final Year)
A3444,HR Intern,Pursuing MBA
A3445,HR Operations Intern,Pursuing MBA
A3446,HR Intern,Graduation (Final Year)
A3447,Recruitment Intern,Graduation (Final Year)
A3448,HR Intern,Pursuing MBA
A3449,HR Operations Intern,Post Graduate Student
A3450,Talent Acquisition Intern,Graduate
A3451,HR Operations Intern,Pursuing MBA
A3452,HR Operations Intern,Graduate
A3453,HR Intern,Post Graduate Student
A3454,HR Intern,Pursuing MBA
A3455,Talent Acquisition Intern,Post Graduate Student
A3456,HR Intern,Graduate
A3457,HR Intern,Post Graduate Student
A3458,HR Operations Intern,Graduation (Final Year)
A3459,Recruitment Intern,Pursuing MBA
A3460,Learning & Development Intern,Graduate
A3461,HR Operations Intern,Post Graduate Student
A3462,Learning & Development Intern,Graduate
A3463,Talent Acquisition Intern,Post Graduate Student
A3464,HR Intern,Graduation (Final Year)
A3465,Learning & Development Intern,Graduation (Final Year)
A3466,Learning & Development Intern,Graduate
A3467,HR Intern,Pursuing MBA
A3468,Learning & Development Intern,Pursuing MBA
A3469,HR Intern,Graduate
A3470,HR Operations Intern,Graduation (Final Year)
A3471,HR Operations Intern,Graduation (Final Year)
A3472,HR Operations Intern,Post Graduate Student
A3473,Learning & Development Intern,Graduate
A3474,Learning & Development Intern,Pursuing MBA
A3475,HR Operations Intern,Post Graduate Student
A3476,Recruitment Intern,Graduation (Final Year)
A3477,HR Operations Intern,Graduation (Final Year)
A3478,Recruitment Intern,Pursuing MBA
A3479,HR Intern,Pursuing MBA
A3480,HR Intern,Graduate
A3481,Learning & Development Intern,Graduation (Final Year)
A3482,HR Operations Intern,Post Graduate Student
A3483,Learning & Development Intern,Pursuing MBA
A3484,HR Operations Intern,Pursuing MBA
A3485,Talent Acquisition Intern,Post Graduate Student
A3486,HR Intern,Graduate
A3487,Learning & Development Intern,Graduation (Final Year)
A3488,HR Operations Intern,Post Graduate Student
A3489,HR Operations Intern,Graduation (Final Year)
A3490,Talent Acquisition Intern,Post Graduate Student
A3491,Learning & Development Intern,Graduation (Final Year)
A3492,HR Operations Intern,Graduation (Final Year)
A3493,HR Operations Intern,Post Graduate Student
A3494,HR Operations Intern,Graduate
A3495,Recruitment Intern,Pursuing MBA
A3496,Talent Acquisition Intern,Post Graduate Student
A3497,HR Intern,Pursuing MBA
A3498,HR Operations Intern,Post Graduate Student
A3499,Talent Acquisition Intern,Graduate
A3500,Learning & Development Intern,Graduation (Final Year)
A3501,Learning & Development Intern,Post Graduate Student
A3502,HR Operations Intern,Post Graduate Student
A3503,Learning & Development Intern,Graduation (Final Year)
A3504,HR Operations Intern,Graduate
A3505,Talent Acquisition Intern,Post Graduate Student
A3506,HR Operations Intern,Graduation (Final Year)
A3507,Talent Acquisition Intern,Pursuing MBA
A3508,HR Operations Intern,Pursuing MBA
A3509,HR Intern,Pursuing MBA
A3510,HR Intern,Graduation (Final Year)
A3511,Recruitment Intern,Pursuing MBA
A3512,HR Operations Intern,Pursuing MBA
A3513,Learning & Development Intern,Post Graduate Student
A3514,HR Intern,Pursuing MBA
A3515,Learning & Development Intern,Graduation (Final Year)
A3516,Talent Acquisition Intern,Pursuing MBA
A3517,HR Intern,Graduate
A3518,HR Operations Intern,Graduate
A3519,HR Operations Intern,Graduation (Final Year)
A3520,HR Intern,Graduation (Final Year)
A3521,HR Operations Intern,Pursuing MBA
A3522,Recruitment Intern,Post Graduate Student
A3523,Talent Acquisition Intern,Post Graduate Student
A3524,Recruitment Intern,Graduation (Final Year)
A3525,HR Intern,Graduation (Final Year)
A3526,Recruitment Intern,Pursuing MBA
A3527,HR Operations Intern,Graduate
A3528,HR Operations Intern,Post Graduate Student
A3529,Learning & Development Intern,Graduate
A3530,Learning & Development Intern,Graduation (Final Year)
A3531,HR Operations Intern,Graduate
A3532,HR Operations Intern,Post Graduate Student
A3533,HR Operations Intern,Graduation (Final Year)
A3534,Talent Acquisition Intern,Post Graduate Student
A3535,HR Operations Intern,Pursuing MBA
A3536,HR Operations Intern,Graduate
A3537,Talent Acquisition Intern,Graduate
A3538,HR Intern,Graduate
A3539,HR Operations Intern,Graduation (Final Year)
A3540,Talent Acquisition Intern,Post Graduate Student
A3541,Recruitment Intern,Graduation (Final Year)
A3542,Learning & Development Intern,Graduation (Final Year)
A3543,Learning & Development Intern,Pursuing MBA
A3544,Learning & Development Intern,Graduate
A3545,HR Operations Intern,Post Graduate Student
A3546,Recruitment Intern,Post Graduate Student
A3547,Talent Acquisition Intern,Post Graduate Student
A3548,Learning & Development Intern,Post Graduate Student
A3549,Talent Acquisition Intern,Graduate
A3550,HR Operations Intern,Post Graduate Student
A3551,HR Intern,Graduate
A3552,HR Intern,Post Graduate Student
A3553,HR Operations Intern,Post Graduate Student
A3554,Talent Acquisition Intern,Post Graduate Student
A3555,Recruitment Intern,Graduation (Final Year)
A3556,Talent Acquisition Intern,Post Graduate Student
A3557,HR Operations Intern,Graduation (Final Year)
A3558,HR Operations Intern,Pursuing MBA
A3559,HR Operations Intern,Post Graduate Student
A3560,HR Intern,Graduate
A3561,HR Operations Intern,Graduate
A3562,HR Operations Intern,Graduate
A3563,HR Intern,Pursuing MBA
A3564,Talent Acquisition Intern,Post Graduate Student
A3565,Talent Acquisition Intern,Post Graduate Student
A3566,HR Operations Intern,Post Graduate Student
A3567,Learning & Development Intern,Graduate
A3568,HR Intern,Pursuing MBA
A3569,Learning & Development Intern,Pursuing MBA
A3570,HR Intern,Graduate
A3571,Talent Acquisition Intern,Graduation (Final Year)
A3572,Talent Acquisition Intern,Post Graduate Student
A3573,Recruitment Intern,Graduation (Final Year)
A3574,Recruitment Intern,Post Graduate Student
A3575,Talent Acquisition Intern,Graduate
A3576,HR Intern,Graduate
A3577,HR Intern,Graduation (Final Year)
A3578,HR Operations Intern,Graduation (Final Year)
A3579,Recruitment Intern,Pursuing MBA
A3580,Learning & Development Intern,Graduation (Final Year)
A3581,HR Operations Intern,Graduate
A3582,Learning & Development Intern,Post Graduate Student
A3583,Recruitment Intern,Graduation (Final Year)
A3584,HR Operations Intern,Post Graduate Student
A3585,HR Intern,Pursuing MBA
A3586,HR Operations Intern,Pursuing MBA
A3587,HR Operations Intern,Post Graduate Student
A3588,HR Operations Intern,Post Graduate Student
A3589,Recruitment Intern,Graduate
A3590,Talent Acquisition Intern,Post Graduate Student
A3591,Recruitment Intern,Graduation (Final Year)
A3592,Talent Acquisition Intern,Pursuing MBA
A3593,HR Operations Intern,Graduate
A3594,Talent Acquisition Intern,Post Graduate Student
A3595,HR Operations Intern,Post Graduate Student
A3596,HR Intern,Graduate
A3597,HR Operations Intern,Post Graduate Student
A3598,HR Operations Intern,Graduate
A3599,Learning & Development Intern,Pursuing MBA
A3600,HR Operations Intern,Post Graduate Student
A3601,Learning & Development Intern,Graduate
A3602,HR Operations Intern,Graduation (Final Year)
A3603,Learning & Development Intern,Pursuing MBA
A3604,Learning & Development Intern,Pursuing MBA
A3605,HR Operations Intern,Post Graduate Student
A3606,Recruitment Intern,Graduate
A3607,Recruitment Intern,Pursuing MBA
A3608,Talent Acquisition Intern,Pursuing MBA
A3609,HR Operations Intern,Pursuing MBA
A3610,HR Operations Intern,Post Graduate Student
A3611,Learning & Development Intern,Pursuing MBA
A3612,Learning & Development Intern,Graduation (Final Year)
A3613,HR Operations Intern,Pursuing MBA
A3614,Recruitment Intern,Pursuing MBA
A3615,HR Operations Intern,Graduate
A3616,HR Intern,Graduation (Final Year)
A3617,HR Operations Intern,Pursuing MBA
A3618,HR Intern,Post Graduate Student
A3619,Talent Acquisition Intern,Post Graduate Student
A3620,Learning & Development Intern,Post Graduate Student
A3621,Talent Acquisition Intern,Graduation (Final Year)
A3622,Learning & Development Intern,Post Graduate Student
A3623,Talent Acquisition Intern,Graduation (Final Year)
A3624,Talent Acquisition Intern,Graduate
A3625,Talent Acquisition Intern,Post Graduate Student
A3626,Talent Acquisition Intern,Graduate
A3627,Recruitment Intern,Graduate
A3628,Talent Acquisition Intern,Post Graduate Student
A3629,Talent Acquisition Intern,Pursuing MBA
A3630,HR Intern,Post Graduate Student
A3631,HR Operations Intern,Post Graduate Student
A3632,HR Intern,Post Graduate Student
A3633,Recruitment Intern,Graduation (Final Year)
A3634,HR Intern,Graduate
A3635,Recruitment Intern,Pursuing MBA
A3636,Recruitment Intern,Pursuing MBA
A3637,Learning & Development Intern,Post Graduate Student
A3638,HR Operations Intern,Graduation (Final Year)
A3639,HR Intern,Pursuing MBA
A3640,Talent Acquisition Intern,Post Graduate Student
A3641,HR Operations Intern,Graduate
A3642,Recruitment Intern,Graduation (Final Year)
A3643,Learning & Development Intern,Graduate
A3644,HR Operations Intern,Pursuing MBA
A3645,HR Operations Intern,Graduate
A3646,Recruitment Intern,Post Graduate Student
A3647,Recruitment Intern,Graduation (Final Year)
A3648,Learning & Development Intern,Graduate
A3649,Recruitment Intern,Graduation (Final Year)
A3650,HR Intern,Graduation (Final Year)
A3651,HR Operations Intern,Graduation (Final Year)
A3652,HR Operations Intern,Graduation (Final Year)
A3653,HR Operations Intern,Post Graduate Student
A3654,HR Operations Intern,Post Graduate Student
A3655,HR Operations Intern,Graduate
A3656,Talent Acquisition Intern,Graduate
A3657,HR Operations Intern,Post Graduate Student
A3658,Recruitment Intern,Graduate
A3659,HR Operations Intern,Post Graduate Student
A3660,Talent Acquisition Intern,Post Graduate Student
A3661,HR Operations Intern,Pursuing MBA
A3662,Recruitment Intern,Pursuing MBA
A3663,HR Intern,Graduate
A3664,HR Intern,Graduation (Final Year)
A3665,Talent Acquisition Intern,Graduation (Final Year)
A3666,HR Intern,Graduation (Final Year)
A3667,Talent Acquisition Intern,Graduate
A3668,Talent Acquisition Intern,Pursuing MBA
A3669,HR Operations Intern,Post Graduate Student
A3670,HR Operations Intern,Graduation (Final Year)
A3671,Learning & Development Intern,Graduate
A3672,Learning & Development Intern,Graduation (Final Year)
A3673,Learning & Development Intern,Pursuing MBA
A3674,Recruitment Intern,Graduation (Final Year)
A3675,Talent Acquisition Intern,Graduation (Final Year)
A3676,HR Operations Intern,Post Graduate Student
A3677,HR Operations Intern,Pursuing MBA
A3678,HR Operations Intern,Graduate
A3679,HR Operations Intern,Graduate
A3680,HR Operations Intern,Graduate
A3681,Recruitment Intern,Pursuing MBA
A3682,Recruitment Intern,Graduation (Final Year)
A3683,Learning & Development Intern,Graduation (Final Year)
A3684,Talent Acquisition Intern,Pursuing MBA
A3685,HR Intern,Graduation (Final Year)
A3686,Learning & Development Intern,Graduate
A3687,Recruitment Intern,Pursuing MBA
A3688,Recruitment Intern,Post Graduate Student
A3689,Recruitment Intern,Pursuing MBA
A3690,Recruitment Intern,Graduate
A3691,HR Operations Intern,Graduate
A3692,Talent Acquisition Intern,Graduate
A3693,HR Intern,Post Graduate Student
A3694,HR Operations Intern,Pursuing MBA
A3695,Talent Acquisition Intern,Pursuing MBA
A3696,Recruitment Intern,Post Graduate Student
A3697,Learning & Development Intern,Graduation (Final Year)
A3698,Recruitment Intern,Graduation (Final Year)
A3699,HR Intern,Post Graduate Student
A3700,Learning & Development Intern,Graduation (Final Year)
A3701,Learning & Development Intern,Graduation (Final Year)
A3702,Talent Acquisition Intern,Graduate
A3703,HR Operations Intern,Post Graduate Student
A3704,HR Operations Intern,Pursuing MBA
A3705,Recruitment Intern,Graduation (Final Year)
A3706,HR Operations Intern,Graduation (Final Year)
A3707,Recruitment Intern,Graduation (Final Year)
A3708,HR Intern,Graduation (Final Year)
A3709,HR Operations Intern,Graduate
A3710,HR Operations Intern,Post Graduate Student
A3711,HR Intern,Graduation (Final Year)
A3712,HR Operations Intern,Graduate
A3713,HR Intern,Graduate
A3714,Recruitment Intern,Pursuing MBA
A3715,HR Operations Intern,Graduate
A3716,HR Intern,Pursuing MBA
A3717,Recruitment Intern,Pursuing MBA
A3718,Recruitment Intern,Graduation (Final Year)
A3719,HR Operations Intern,Graduation (Final Year)
A3720,Recruitment Intern,Graduation (Final Year)
A3721,HR Intern,Pursuing MBA
A3722,HR Operations Intern,Graduation (Final Year)
A3723,HR Intern,Graduation (Final Year)
A3724,Recruitment Intern,Graduate
A3725,Talent Acquisition Intern,Pursuing MBA
A3726,HR Intern,Graduate
A3727,HR Operations Intern,Graduation (Final Year)
A3728,Recruitment Intern,Graduate
A3729,HR Operations Intern,Graduation (Final Year)
A3730,HR Operations Intern,Graduation (Final Year)
A3731,HR Intern,Graduate
A3732,Recruitment Intern,Graduation (Final Year)
A3733,HR Intern,Post Graduate Student
A3734,Recruitment Intern,Pursuing MBA
A3735,Recruitment Intern,Graduation (Final Year)
A3736,HR Operations Intern,Graduation (Final Year)
A3737,HR Intern,Post Graduate Student
A3738,HR Operations Intern,Pursuing MBA
A3739,HR Operations Intern,Graduation (Final Year)
A3740,HR Operations Intern,Graduate
A3741,HR Operations Intern,Graduate
A3742,Learning & Development Intern,Graduate
A3743,HR Operations Intern,Post Graduate Student
A3744,HR Operations Intern,Pursuing MBA
A3745,Learning & Development Intern,Post Graduate Student
A3746,HR Operations Intern,Graduation (Final Year)
A3747,Recruitment Intern,Post Graduate Student
A3748,HR Operations Intern,Graduation (Final Year)
A3749,Talent Acquisition Intern,Post Graduate Student
A3750,Learning & Development Intern,Pursuing MBA
A3751,HR Intern,Pursuing MBA
A3752,Recruitment Intern,Post Graduate Student
A3753,Learning & Development Intern,Post Graduate Student
A3754,Talent Acquisition Intern,Pursuing MBA
A3755,HR Operations Intern,Graduation (Final Year)
A3756,HR Operations Intern,Graduation (Final Year)
A3757,Talent Acquisition Intern,Pursuing MBA
A3758,HR Operations Intern,Graduation (Final Year)
A3759,HR Intern,Pursuing MBA
A3760,Learning & Development Intern,Pursuing MBA
A3761,Learning & Development Intern,Post Graduate Student
A3762,HR Operations Intern,Pursuing MBA
A3763,Learning & Development Intern,Graduate
A3764,Recruitment Intern,Post Graduate Student
A3765,Recruitment Intern,Pursuing MBA
A3766,Talent Acquisition Intern,Pursuing MBA
A3767,HR Operations Intern,Post Graduate Student
A3768,Learning & Development Intern,Graduate
A3769,Learning & Development Intern,Pursuing MBA
A3770,Talent Acquisition Intern,Graduation (Final Year)
A3771,HR Operations Intern,Pursuing MBA
A3772,HR Operations Intern,Graduation (Final Year)
A3773,HR Operations Intern,Graduation (Final Year)
A3774,Learning & Development Intern,Post Graduate Student
A3775,Talent Acquisition Intern,Graduate
A3776,HR Operations Intern,Pursuing MBA
A3777,Recruitment Intern,Graduate
A3778,Talent Acquisition Intern,Graduation (Final Year)
A3779,HR Intern,Post Graduate Student
A3780,HR Operations Intern,Post Graduate Student
A3781,HR Intern,Pursuing MBA
A3782,Recruitment Intern,Post Graduate Student
A3783,HR Operations Intern,Pursuing MBA
A3784,HR Intern,Post Graduate Student
A3785,Recruitment Intern,Graduate
A3786,Talent Acquisition Intern,Graduate
A3787,Recruitment Intern,Graduate
A3788,Talent Acquisition Intern,Graduation (Final Year)
A3789,Recruitment Intern,Pursuing MBA
A3790,HR Operations Intern,Graduation (Final Year)
A3791,Talent Acquisition Intern,Pursuing MBA
A3792,HR Operations Intern,Graduation (Final Year)
A3793,Recruitment Intern,Graduate
A3794,HR Operations Intern,Pursuing MBA
A3795,HR Operations Intern,Pursuing MBA
A3796,HR Operations Intern,Post Graduate Student
A3797,Talent Acquisition Intern,Graduation (Final Year)
A3798,HR Operations Intern,Graduation (Final Year)
A3799,Learning & Development Intern,Graduation (Final Year)
A3800,HR Operations Intern,Pursuing MBA
A3801,HR Operations Intern,Graduation (Final Year)
A3802,Recruitment Intern,Graduate
A3803,Talent Acquisition Intern,Graduation (Final Year)
A3804,HR Operations Intern,Graduation (Final Year)
A3805,Recruitment Intern,Pursuing MBA
A3806,HR Operations Intern,Post Graduate Student
A3807,HR Operations Intern,Post Graduate Student
A3808,HR Operations Intern,Pursuing MBA
A3809,HR Operations Intern,Post Graduate Student
A3810,HR Intern,Post Graduate Student
A3811,HR Operations Intern,Graduate
A3812,Talent Acquisition Intern,Post Graduate Student
A3813,Recruitment Intern,Graduate
A3814,HR Operations Intern,Pursuing MBA
A3815,HR Intern,Post Graduate Student
A3816,Recruitment Intern,Post Graduate Student
A3817,Talent Acquisition Intern,Graduate
A3818,Recruitment Intern,Graduate
A3819,HR Operations Intern,Pursuing MBA
A3820,Talent Acquisition Intern,Pursuing MBA
A3821,HR Operations Intern,Post Graduate Student
A3822,HR Intern,Graduate
A3823,HR Operations Intern,Graduation (Final Year)
A3824,Talent Acquisition Intern,Post Graduate Student
A3825,HR Operations Intern,Post Graduate Student
A3826,HR Intern,Post Graduate Student
A3827,Recruitment Intern,Graduate
A3828,Talent Acquisition Intern,Graduation (Final Year)
A3829,Talent Acquisition Intern,Graduation (Final Year)
A3830,HR Intern,Pursuing MBA
A3831,Talent Acquisition Intern,Pursuing MBA
A3832,HR Operations Intern,Post Graduate Student
A3833,HR Operations Intern,Post Graduate Student
A3834,Recruitment Intern,Pursuing MBA
A3835,HR Operations Intern,Post Graduate Student
A3836,HR Operations Intern,Graduation (Final Year)
A3837,Learning & Development Intern,Pursuing MBA
A3838,HR Operations Intern,Post Graduate Student
A3839,Learning & Development Intern,Graduation (Final Year)
A3840,Recruitment Intern,Graduate
A3841,Talent Acquisition Intern,Pursuing MBA
A3842,HR Operations Intern,Graduate
A3843,Recruitment Intern,Post Graduate Student
A3844,HR Operations Intern,Pursuing MBA
A3845,HR Operations Intern,Pursuing MBA
A3846,HR Operations Intern,Graduate
A3847,Talent Acquisition Intern,Post Graduate Student
A3848,Learning & Development Intern,Post Graduate Student
A3849,HR Operations Intern,Post Graduate Student
A3850,HR Intern,Graduate
A3851,Recruitment Intern,Post Graduate Student
A3852,Learning & Development Intern,Graduation (Final Year)
A3853,HR Operations Intern,Graduation (Final Year)
A3854,Recruitment Intern,Pursuing MBA
A3855,HR Operations Intern,Post Graduate Student
A3856,HR Operations Intern,Pursuing MBA
A3857,HR Operations Intern,Graduation (Final Year)
A3858,Learning & Development Intern,Pursuing MBA
A3859,Talent Acquisition Intern,Graduation (Final Year)
A3860,Learning & Development Intern,Graduate
A3861,Recruitment Intern,Post Graduate Student
A3862,Talent Acquisition Intern,Graduate
A3863,Talent Acquisition Intern,Pursuing MBA
A3864,HR Intern,Graduation (Final Year)
A3865,HR Operations Intern,Post Graduate Student
A3866,HR Intern,Graduate
A3867,HR Operations Intern,Pursuing MBA
A3868,HR Intern,Pursuing MBA
A3869,HR Intern,Graduation (Final Year)
A3870,HR Operations Intern,Post Graduate Student
A3871,Talent Acquisition Intern,Post Graduate Student
A3872,Learning & Development Intern,Graduation (Final Year)
A3873,Learning & Development Intern,Pursuing MBA
A3874,HR Operations Intern,Graduation (Final Year)
A3875,HR Intern,Post Graduate Student
A3876,Learning & Development Intern,Graduation (Final Year)
A3877,Learning & Development Intern,Pursuing MBA
A3878,Learning & Development Intern,Pursuing MBA
A3879,HR Intern,Graduate
A3880,HR Operations Intern,Graduation (Final Year)
A3881,HR Intern,Pursuing MBA
A3882,HR Operations Intern,Post Graduate Student
A3883,HR Intern,Post Graduate Student
A3884,HR Operations Intern,Pursuing MBA
A3885,HR Intern,Pursuing MBA
A3886,Recruitment Intern,Pursuing MBA
A3887,Learning & Development Intern,Pursuing MBA
A3888,HR Operations Intern,Pursuing MBA
A3889,HR Operations Intern,Graduation (Final Year)
A3890,HR Operations Intern,Graduation (Final Year)
A3891,HR Operations Intern,Post Graduate Student
A3892,Learning & Development Intern,Graduation (Final Year)
A3893,HR Operations Intern,Graduate
A3894,Talent Acquisition Intern,Pursuing MBA
A3895,HR Operations Intern,Post Graduate Student
A3896,Recruitment Intern,Pursuing MBA
A3897,Learning & Development Intern,Graduate
A3898,Recruitment Intern,Post Graduate Student
A3899,Talent Acquisition Intern,Post Graduate Student
A3900,Learning & Development Intern,Graduation (Final Year)
A3901,Talent Acquisition Intern,Graduate
A3902,Talent Acquisition Intern,Graduation (Final Year)
A3903,HR Intern,Graduation (Final Year)
A3904,Learning & Development Intern,Graduation (Final Year)
A3905,Talent Acquisition Intern,Post Graduate Student
A3906,Recruitment Intern,Pursuing MBA
A3907,HR Operations Intern,Post Graduate Student
A3908,HR Intern,Graduation (Final Year)
A3909,HR Operations Intern,Graduate
A3910,Talent Acquisition Intern,Graduation (Final Year)
A3911,HR Operations Intern,Pursuing MBA
A3912,Learning & Development Intern,Post Graduate Student
A3913,Talent Acquisition Intern,Post Graduate Student
A3914,HR Operations Intern,Post Graduate Student
A3915,HR Operations Intern,Pursuing MBA
A3916,HR Operations Intern,Post Graduate Student
A3917,HR Intern,Post Graduate Student
A3918,Talent Acquisition Intern,Pursuing MBA
A3919,Learning & Development Intern,Pursuing MBA
A3920,Learning & Development Intern,Graduation (Final Year)
A3921,HR Operations Intern,Pursuing MBA
A3922,HR Operations Intern,Graduate
A3923,Learning & Development Intern,Pursuing MBA
A3924,HR Operations Intern,Post Graduate Student
A3925,HR Intern,Pursuing MBA
A3926,HR Intern,Graduate
A3927,Learning & Development Intern,Graduation (Final Year)
A3928,HR Operations Intern,Graduate
A3929,Talent Acquisition Intern,Pursuing MBA
A3930,Recruitment Intern,Graduation (Final Year)
A3931,HR Operations Intern,Graduation (Final Year)
A3932,Learning & Development Intern,Graduation (Final Year)
A3933,HR Operations Intern,Post Graduate Student
A3934,HR Operations Intern,Pursuing MBA
A3935,Talent Acquisition Intern,Pursuing MBA
A3936,Recruitment Intern,Post Graduate Student
A3937,Recruitment Intern,Graduation (Final Year)
A3938,Recruitment Intern,Post Graduate Student
A3939,Learning & Development Intern,Post Graduate Student
A3940,Learning & Development Intern,Graduation (Final Year)
A3941,HR Intern,Post Graduate Student
A3942,Learning & Development Intern,Graduation (Final Year)
A3943,Recruitment Intern,Pursuing MBA
A3944,HR Operations Intern,Pursuing MBA
A3945,HR Intern,Pursuing MBA
A3946,HR Operations Intern,Graduate
A3947,Talent Acquisition Intern,Graduate
A3948,Talent Acquisition Intern,Graduate
A3949,HR Operations Intern,Graduate
A3950,Talent Acquisition Intern,Graduation (Final Year)
A3951,Recruitment Intern,Graduation (Final Year)
A3952,HR Intern,Graduate
A3953,Learning & Development Intern,Pursuing MBA
A3954,HR Operations Intern,Graduate
A3955,HR Operations Intern,Pursuing MBA
A3956,Recruitment Intern,Graduation (Final Year)
A3957,HR Operations Intern,Pursuing MBA
A3958,HR Intern,Graduate
A3959,HR Operations Intern,Graduation (Final Year)
A3960,HR Operations Intern,Graduate
A3961,Talent Acquisition Intern,Graduation (Final Year)
A3962,HR Operations Intern,Graduate
A3963,HR Operations Intern,Pursuing MBA
A3964,HR Operations Intern,Graduation (Final Year)
A3965,Recruitment Intern,Graduate
A3966,Learning & Development Intern,Graduate
A3967,Learning & Development Intern,Graduation (Final Year)
A3968,Recruitment Intern,Graduate
A3969,HR Operations Intern,Pursuing MBA
A3970,Recruitment Intern,Post Graduate Student
A3971,HR Operations Intern,Graduation (Final Year)
A3972,HR Operations Intern,Pursuing MBA
A3973,Learning & Development Intern,Post Graduate Student
A3974,Learning & Development Intern,Post Graduate Student
A3975,HR Operations Intern,Graduate
A3976,Learning & Development Intern,Graduate
A3977,HR Intern,Post Graduate Student
A3978,Recruitment Intern,Post Graduate Student
A3979,HR Operations Intern,Graduate
A3980,Learning & Development Intern,Post Graduate Student
A3981,HR Operations Intern,Pursuing MBA
A3982,HR Operations Intern,Pursuing MBA
A3983,Recruitment Intern,Pursuing MBA
A3984,HR Intern,Post Graduate Student
A3985,HR Operations Intern,Pursuing MBA
A3986,HR Operations Intern,Post Graduate Student
A3987,HR Intern,Graduate
A3988,HR Operations Intern,Graduation (Final Year)
A3989,HR Intern,Post Graduate Student
A3990,Talent Acquisition Intern,Graduation (Final Year)
A3991,Recruitment Intern,Graduate
A3992,HR Intern,Pursuing MBA
A3993,Talent Acquisition Intern,Graduate
A3994,HR Operations Intern,Post Graduate Student
A3995,HR Intern,Post Graduate Student
A3996,Recruitment Intern,Pursuing MBA
A3997,HR Operations Intern,Graduation (Final Year)
A3998,Talent Acquisition Intern,Post Graduate Student
A3999,HR Operations Intern,Pursuing MBA
A4000,Talent Acquisition Intern,Post Graduate Student
A4001,HR Operations Intern,Post Graduate Student
A4002,HR Operations Intern,Graduation (Final Year)
A4003,Learning & Development Intern,Pursuing MBA
A4004,Learning & Development Intern,Pursuing MBA
A4005,Learning & Development Intern,Post Graduate Student
A4006,HR Intern,Graduate
A4007,HR Operations Intern,Post Graduate Student
A4008,HR Intern,Graduate
A4009,Learning & Development Intern,Post Graduate Student
A4010,Talent Acquisition Intern,Graduate
A4011,Recruitment Intern,Graduation (Final Year)
A4012,Learning & Development Intern,Pursuing MBA
A4013,HR Operations Intern,Post Graduate Student
A4014,Learning & Development Intern,Graduation (Final Year)
A4015,HR Intern,Pursuing MBA
A4016,Talent Acquisition Intern,Pursuing MBA
A4017,Recruitment Intern,Graduation (Final Year)
A4018,Recruitment Intern,Graduation (Final Year)
A4019,Talent Acquisition Intern,Graduation (Final Year)
A4020,HR Operations Intern,Graduation (Final Year)
A4021,HR Operations Intern,Graduate
A4022,HR Intern,Pursuing MBA
A4023,Learning & Development Intern,Pursuing MBA
A4024,HR Operations Intern,Pursuing MBA
A4025,Talent Acquisition Intern,Post Graduate Student
A4026,HR Operations Intern,Graduate
A4027,Talent Acquisition Intern,Graduation (Final Year)
A4028,HR Operations Intern,Graduate
A4029,HR Operations Intern,Post Graduate Student
A4030,Learning & Development Intern,Graduation (Final Year)
A4031,HR Operations Intern,Post Graduate Student
A4032,Learning & Development Intern,Pursuing MBA
A4033,HR Operations Intern,Pursuing MBA
A4034,HR Operations Intern,Pursuing MBA
A4035,Recruitment Intern,Graduate
A4036,HR Operations Intern,Graduation (Final Year)
A4037,HR Operations Intern,Graduation (Final Year)
A4038,HR Operations Intern,Graduation (Final Year)
A4039,HR Operations Intern,Graduation (Final Year)
A4040,HR Intern,Graduate
A4041,Learning & Development Intern,Graduate
A4042,HR Operations Intern,Graduation (Final Year)
A4043,HR Intern,Post Graduate Student
A4044,Recruitment Intern,Pursuing MBA
A4045,HR Operations Intern,Graduate
A4046,Recruitment Intern,Post Graduate Student
A4047,Talent Acquisition Intern,Pursuing MBA
A4048,Recruitment Intern,Post Graduate Student
A4049,Talent Acquisition Intern,Graduation (Final Year)
A4050,Recruitment Intern,Graduate
A4051,HR Operations Intern,Post Graduate Student
A4052,HR Intern,Pursuing MBA
A4053,HR Operations Intern,Pursuing MBA
A4054,HR Operations Intern,Post Graduate Student
A4055,Recruitment Intern,Graduation (Final Year)
A4056,Learning & Development Intern,Post Graduate Student
A4057,HR Intern,Graduate
A4058,Talent Acquisition Intern,Pursuing MBA
A4059,Learning & Development Intern,Post Graduate Student
A4060,HR Intern,Graduate
A4061,Recruitment Intern,Graduation (Final Year)
A4062,Talent Acquisition Intern,Pursuing MBA
A4063,Recruitment Intern,Graduation (Final Year)
A4064,Learning & Development Intern,Pursuing MBA
A4065,HR Intern,Post Graduate Student
A4066,HR Intern,Pursuing MBA
A4067,Recruitment Intern,Graduation (Final Year)
A4068,Recruitment Intern,Pursuing MBA
A4069,Talent Acquisition Intern,Pursuing MBA
A4070,HR Operations Intern,Graduate
A4071,HR Intern,Graduate
A4072,Learning & Development Intern,Pursuing MBA
A4073,Recruitment Intern,Post Graduate Student
A4074,Talent Acquisition Intern,Post Graduate Student
A4075,HR Intern,Graduate
A4076,Recruitment Intern,Pursuing MBA
A4077,HR Operations Intern,Graduation (Final Year)
A4078,Learning & Development Intern,Graduation (Final Year)
A4079,HR Operations Intern,Pursuing MBA
A4080,Learning & Development Intern,Post Graduate Student
A4081,HR Operations Intern,Graduate
A4082,Talent Acquisition Intern,Graduate
A4083,Recruitment Intern,Post Graduate Student
A4084,Recruitment Intern,Graduate
A4085,HR Operations Intern,Pursuing MBA
A4086,HR Operations Intern,Post Graduate Student
A4087,HR Intern,Pursuing MBA
A4088,HR Intern,Graduate
A4089,Learning & Development Intern,Graduation (Final Year)
A4090,HR Intern,Graduate
A4091,HR Operations Intern,Post Graduate Student
A4092,Recruitment Intern,Graduate
A4093,Learning & Development Intern,Graduation (Final Year)
A4094,HR Operations Intern,Post Graduate Student
A4095,Recruitment Intern,Graduation (Final Year)
A4096,HR Intern,Graduation (Final Year)
A4097,Recruitment Intern,Graduate
A4098,HR Operations Intern,Graduate
A4099,Recruitment Intern,Graduate
A4100,HR Operations Intern,Graduation (Final Year)
A4101,Talent Acquisition Intern,Post Graduate Student
A4102,Recruitment Intern,Pursuing MBA
A4103,Learning & Development Intern,Pursuing MBA
A4104,HR Operations Intern,Pursuing MBA
A4105,HR Operations Intern,Pursuing MBA
A4106,HR Intern,Graduate
A4107,HR Intern,Pursuing MBA
A4108,Recruitment Intern,Post Graduate Student
A4109,Learning & Development Intern,Graduation (Final Year)
A4110,HR Operations Intern,Graduation (Final Year)
A4111,HR Operations Intern,Post Graduate Student
A4112,HR Operations Intern,Post Graduate Student
A4113,Recruitment Intern,Pursuing MBA
A4114,HR Intern,Graduate
A4115,Talent Acquisition Intern,Pursuing MBA
A4116,Recruitment Intern,Graduation (Final Year)
A4117,HR Intern,Graduate
A4118,Recruitment Intern,Pursuing MBA
A4119,HR Intern,Pursuing MBA
A4120,Learning & Development Intern,Pursuing MBA
A4121,HR Operations Intern,Graduation (Final Year)
A4122,HR Operations Intern,Post Graduate Student
A4123,Talent Acquisition Intern,Post Graduate Student
A4124,HR Operations Intern,Post Graduate Student
A4125,HR Operations Intern,Pursuing MBA
A4126,Talent Acquisition Intern,Pursuing MBA
A4127,Talent Acquisition Intern,Post Graduate Student
A4128,Recruitment Intern,Pursuing MBA
A4129,Recruitment Intern,Graduate
A4130,Talent Acquisition Intern,Graduate
A4131,HR Intern,Graduation (Final Year)
A4132,Learning & Development Intern,Graduation (Final Year)
A4133,Recruitment Intern,Pursuing MBA
A4134,Learning & Development Intern,Pursuing MBA
A4135,Learning & Development Intern,Graduate
A4136,Talent Acquisition Intern,Graduation (Final Year)
A4137,HR Operations Intern,Pursuing MBA
A4138,Learning & Development Intern,Pursuing MBA
A4139,HR Operations Intern,Post Graduate Student
A4140,Learning & Development Intern,Pursuing MBA
A4141,HR Intern,Post Graduate Student
A4142,HR Operations Intern,Pursuing MBA
A4143,Learning & Development Intern,Graduation (Final Year)
A4144,HR Operations Intern,Graduate
A4145,HR Intern,Graduation (Final Year)
A4146,Recruitment Intern,Pursuing MBA
A4147,Talent Acquisition Intern,Post Graduate Student
A4148,Learning & Development Intern,Post Graduate Student
A4149,HR Operations Intern,Post Graduate Student
A4150,Learning & Development Intern,Graduate
A4151,Talent Acquisition Intern,Graduation (Final Year)
A4152,Talent Acquisition Intern,Post Graduate Student
A4153,HR Operations Intern,Graduation (Final Year)
A4154,Talent Acquisition Intern,Pursuing MBA
A4155,Talent Acquisition Intern,Pursuing MBA
A4156,Learning & Development Intern,Graduate
A4157,Recruitment Intern,Pursuing MBA
A4158,HR Intern,Pursuing MBA
A4159,Talent Acquisition Intern,Post Graduate Student
A4160,Recruitment Intern,Graduate
A4161,Recruitment Intern,Graduation (Final Year)
A4162,HR Operations Intern,Graduate
A4163,HR Operations Intern,Graduation (Final Year)
A4164,Learning & Development Intern,Post Graduate Student
A4165,HR Intern,Post Graduate Student
A4166,HR Operations Intern,Pursuing MBA
A4167,Talent Acquisition Intern,Pursuing MBA
A4168,Talent Acquisition Intern,Graduate
A4169,HR Intern,Pursuing MBA
A4170,HR Operations Intern,Pursuing MBA
A4171,Recruitment Intern,Pursuing MBA
A4172,HR Operations Intern,Graduation (Final Year)
A4173,Learning & Development Intern,Pursuing MBA
A4174,Talent Acquisition Intern,Graduate
A4175,Learning & Development Intern,Graduate
A4176,Learning & Development Intern,Graduate
A4177,Talent Acquisition Intern,Graduation (Final Year)
A4178,HR Intern,Graduation (Final Year)
A4179,Recruitment Intern,Post Graduate Student
A4180,HR Operations Intern,Graduate
A4181,HR Operations Intern,Graduation (Final Year)
A4182,Talent Acquisition Intern,Post Graduate Student
A4183,Recruitment Intern,Graduate
A4184,HR Operations Intern,Graduate
A4185,Learning & Development Intern,Post Graduate Student
A4186,Recruitment Intern,Pursuing MBA
A4187,Recruitment Intern,Pursuing MBA
A4188,Recruitment Intern,Pursuing MBA
A4189,Learning & Development Intern,Pursuing MBA
A4190,Recruitment Intern,Pursuing MBA
A4191,HR Operations Intern,Post Graduate Student
A4192,Talent Acquisition Intern,Graduate
A4193,HR Intern,Graduate
A4194,HR Operations Intern,Graduation (Final Year)
A4195,HR Operations Intern,Post Graduate Student
A4196,HR Operations Intern,Graduation (Final Year)
A4197,Recruitment Intern,Post Graduate Student
A4198,HR Intern,Graduation (Final Year)
A4199,Learning & Development Intern,Graduation (Final Year)
A4200,Learning & Development Intern,Pursuing MBA
A4201,HR Intern,Graduate
A4202,Recruitment Intern,Graduate
A4203,HR Operations Intern,Graduate
A4204,HR Operations Intern,Graduation (Final Year)
A4205,Talent Acquisition Intern,Pursuing MBA
A4206,Learning & Development Intern,Post Graduate Student
A4207,HR Intern,Post Graduate Student
A4208,HR Operations Intern,Graduate
A4209,HR Intern,Post Graduate Student
A4210,HR Operations Intern,Graduation (Final Year)
A4211,Recruitment Intern,Graduation (Final Year)
A4212,Recruitment Intern,Post Graduate Student
A4213,Recruitment Intern,Pursuing MBA
A4214,HR Intern,Post Graduate Student
A4215,Learning & Development Intern,Pursuing MBA
A4216,Recruitment Intern,Graduation (Final Year)
A4217,HR Operations Intern,Post Graduate Student
A4218,Learning & Development Intern,Graduation (Final Year)
A4219,HR Operations Intern,Post Graduate Student
A4220,Recruitment Intern,Pursuing MBA
A4221,Learning & Development Intern,Post Graduate Student
A4222,Talent Acquisition Intern,Graduate
A4223,HR Intern,Graduation (Final Year)
A4224,Recruitment Intern,Graduate
A4225,Talent Acquisition Intern,Pursuing MBA
A4226,HR Operations Intern,Graduate
A4227,HR Operations Intern,Pursuing MBA
A4228,HR Operations Intern,Pursuing MBA
A4229,HR Operations Intern,Graduation (Final Year)
A4230,Learning & Development Intern,Post Graduate Student
A4231,HR Intern,Graduation (Final Year)
A4232,HR Operations Intern,Graduate
A4233,HR Intern,Post Graduate Student
A4234,Recruitment Intern,Pursuing MBA
A4235,HR Operations Intern,Graduation (Final Year)
A4236,HR Operations Intern,Graduate
A4237,HR Intern,Pursuing MBA
A4238,HR Intern,Graduation (Final Year)
A4239,HR Operations Intern,Graduation (Final Year)
A4240,HR Operations Intern,Pursuing MBA
A4241,HR Operations Intern,Pursuing MBA
A4242,Talent Acquisition Intern,Pursuing MBA
A4243,HR Operations Intern,Pursuing MBA
A4244,Recruitment Intern,Graduation (Final Year)
A4245,Talent Acquisition Intern,Graduation (Final Year)
A4246,Learning & Development Intern,Graduate
A4247,HR Operations Intern,Graduation (Final Year)
A4248,HR Operations Intern,Graduate
A4249,Talent Acquisition Intern,Graduation (Final Year)
A4250,HR Intern,Post Graduate Student
A4251,HR Operations Intern,Pursuing MBA
A4252,Learning & Development Intern,Pursuing MBA
A4253,HR Operations Intern,Pursuing MBA
A4254,HR Operations Intern,Post Graduate Student
A4255,HR Operations Intern,Graduation (Final Year)
A4256,Learning & Development Intern,Graduate
A4257,Learning & Development Intern,Graduate
A4258,HR Operations Intern,Pursuing MBA
A4259,Talent Acquisition Intern,Post Graduate Student
A4260,Talent Acquisition Intern,Graduate
A4261,Recruitment Intern,Graduation (Final Year)
A4262,Talent Acquisition Intern,Pursuing MBA
A4263,Recruitment Intern,Graduate
A4264,HR Operations Intern,Graduation (Final Year)
A4265,HR Operations Intern,Post Graduate Student
A4266,HR Operations Intern,Post Graduate Student
A4267,Learning & Development Intern,Pursuing MBA
A4268,Learning & Development Intern,Pursuing MBA
A4269,Recruitment Intern,Graduate
A4270,HR Operations Intern,Graduate
A4271,HR Operations Intern,Pursuing MBA
A4272,Recruitment Intern,Post Graduate Student
A4273,HR Operations Intern,Graduation (Final Year)
A4274,HR Operations Intern,Pursuing MBA
A4275,HR Operations Intern,Graduation (Final Year)
A4276,Talent Acquisition Intern,Graduate
A4277,Talent Acquisition Intern,Graduate
A4278,Talent Acquisition Intern,Post Graduate Student
A4279,HR Intern,Pursuing MBA
A4280,Talent Acquisition Intern,Graduation (Final Year)
A4281,HR Operations Intern,Graduation (Final Year)
A4282,Talent Acquisition Intern,Graduate
A4283,HR Intern,Post Graduate Student
A4284,HR Operations Intern,Graduation (Final Year)
A4285,HR Operations Intern,Graduate
A4286,Learning & Development Intern,Post Graduate Student
A4287,HR Operations Intern,Pursuing MBA
A4288,HR Operations Intern,Post Graduate Student
A4289,Recruitment Intern,Pursuing MBA
A4290,HR Operations Intern,Post Graduate Student
A4291,HR Operations Intern,Post Graduate Student
A4292,Recruitment Intern,Graduation (Final Year)
A4293,Learning & Development Intern,Graduate
A4294,HR Operations Intern,Post Graduate Student
A4295,Recruitment Intern,Post Graduate Student
A4296,HR Operations Intern,Graduation (Final Year)
A4297,Talent Acquisition Intern,Post Graduate Student
A4298,Recruitment Intern,Post Graduate Student
A4299,Talent Acquisition Intern,Pursuing MBA
A4300,HR Operations Intern,Graduate
A4301,HR Operations Intern,Pursuing MBA
A4302,Recruitment Intern,Graduate
A4303,HR Operations Intern,Pursuing MBA
A4304,Talent Acquisition Intern,Graduate
A4305,Recruitment Intern,Graduate
A4306,Recruitment Intern,Post Graduate Student
A4307,Learning & Development Intern,Post Graduate Student
A4308,HR Operations Intern,Pursuing MBA
A4309,HR Operations Intern,Post Graduate Student
A4310,HR Intern,Post Graduate Student
A4311,HR Operations Intern,Post Graduate Student
A4312,HR Intern,Graduation (Final Year)
A4313,Talent Acquisition Intern,Pursuing MBA
A4314,Learning & Development Intern,Pursuing MBA
A4315,Learning & Development Intern,Pursuing MBA
A4316,HR Operations Intern,Graduation (Final Year)
A4317,HR Operations Intern,Post Graduate Student
A4318,Recruitment Intern,Graduate
A4319,HR Intern,Pursuing MBA
A4320,Talent Acquisition Intern,Graduate
A4321,Talent Acquisition Intern,Pursuing MBA
A4322,Recruitment Intern,Graduation (Final Year)
A4323,HR Operations Intern,Post Graduate Student
A4324,Talent Acquisition Intern,Graduate
A4325,HR Intern,Pursuing MBA
A4326,Talent Acquisition Intern,Graduation (Final Year)
A4327,HR Intern,Graduate
A4328,HR Intern,Graduate
A4329,Recruitment Intern,Graduation (Final Year)
A4330,HR Operations Intern,Graduate
A4331,Learning & Development Intern,Post Graduate Student
A4332,Recruitment Intern,Graduate
A4333,HR Operations Intern,Pursuing MBA
A4334,HR Intern,Post Graduate Student
A4335,Learning & Development Intern,Graduation (Final Year)
A4336,Recruitment Intern,Graduate
A4337,Learning & Development Intern,Post Graduate Student
A4338,Talent Acquisition Intern,Graduate
A4339,Recruitment Intern,Pursuing MBA
A4340,HR Operations Intern,Pursuing MBA
A4341,HR Operations Intern,Post Graduate Student
A4342,Recruitment Intern,Post Graduate Student
A4343,HR Intern,Graduation (Final Year)
A4344,Learning & Development Intern,Graduate
A4345,Talent Acquisition Intern,Post Graduate Student
A4346,Recruitment Intern,Graduation (Final Year)
A4347,HR Operations Intern,Pursuing MBA
A4348,Recruitment Intern,Graduate
A4349,Learning & Development Intern,Graduate
A4350,Learning & Development Intern,Post Graduate Student
A4351,Talent Acquisition Intern,Graduation (Final Year)
A4352,Learning & Development Intern,Post Graduate Student
A4353,HR Operations Intern,Pursuing MBA
A4354,Talent Acquisition Intern,Graduate
A4355,Learning & Development Intern,Post Graduate Student
A4356,Learning & Development Intern,Pursuing MBA
A4357,HR Operations Intern,Graduate
A4358,HR Operations Intern,Post Graduate Student
A4359,Learning & Development Intern,Graduation (Final Year)
A4360,HR Operations Intern,Pursuing MBA
A4361,HR Intern,Graduate
A4362,Talent Acquisition Intern,Post Graduate Student
A4363,HR Operations Intern,Post Graduate Student
A4364,Recruitment Intern,Graduate
A4365,HR Intern,Graduate
A4366,Learning & Development Intern,Post Graduate Student
A4367,HR Intern,Graduation (Final Year)
A4368,Recruitment Intern,Graduate
A4369,HR Operations Intern,Pursuing MBA
A4370,HR Intern,Graduation (Final Year)
A4371,Recruitment Intern,Graduation (Final Year)
A4372,HR Operations Intern,Post Graduate Student
A4373,HR Operations Intern,Graduate
A4374,Recruitment Intern,Graduation (Final Year)
A4375,Learning & Development Intern,Graduation (Final Year)
A4376,HR Operations Intern,Post Graduate Student
A4377,Talent Acquisition Intern,Pursuing MBA
A4378,Learning & Development Intern,Graduation (Final Year)
A4379,HR Intern,Pursuing MBA
A4380,HR Intern,Graduate
A4381,HR Intern,Graduation (Final Year)
A4382,Recruitment Intern,Graduate
A4383,Learning & Development Intern,Post Graduate Student
A4384,Recruitment Intern,Graduation (Final Year)
A4385,Learning & Development Intern,Graduation (Final Year)
A4386,HR Intern,Graduation (Final Year)
A4387,HR Operations Intern,Pursuing MBA
A4388,HR Operations Intern,Post Graduate Student
A4389,HR Operations Intern,Post Graduate Student
A4390,Recruitment Intern,Post Graduate Student
A4391,Recruitment Intern,Graduate
A4392,Recruitment Intern,Graduation (Final Year)
A4393,Learning & Development Intern,Graduation (Final Year)
A4394,Learning & Development Intern,Post Graduate Student
A4395,HR Intern,Pursuing MBA
A4396,HR Intern,Post Graduate Student
A4397,HR Intern,Graduate
A4398,HR Operations Intern,Pursuing MBA
A4399,Learning & Development Intern,Post Graduate Student
A4400,HR Operations Intern,Graduate
A4401,HR Operations Intern,Graduation (Final Year)
A4402,Talent Acquisition Intern,Graduate
A4403,Talent Acquisition Intern,Post Graduate Student
A4404,HR Operations Intern,Post Graduate Student
A4405,HR Intern,Graduation (Final Year)
A4406,HR Operations Intern,Post Graduate Student
A4407,Learning & Development Intern,Graduate
A4408,Learning & Development Intern,Pursuing MBA
A4409,HR Intern,Pursuing MBA
A4410,HR Intern,Pursuing MBA
A4411,Learning & Development Intern,Pursuing MBA
A4412,HR Operations Intern,Post Graduate Student
A4413,HR Intern,Graduation (Final Year)
A4414,Recruitment Intern,Post Graduate Student
A4415,HR Intern,Graduation (Final Year)
A4416,HR Operations Intern,Graduate
A4417,Recruitment Intern,Graduation (Final Year)
A4418,HR Operations Intern,Graduation (Final Year)
A4419,Learning & Development Intern,Graduation (Final Year)
A4420,Learning & Development Intern,Graduation (Final Year)
A4421,HR Intern,Graduation (Final Year)
A4422,HR Operations Intern,Pursuing MBA
A4423,Talent Acquisition Intern,Post Graduate Student
A4424,Talent Acquisition Intern,Pursuing MBA
A4425,Learning & Development Intern,Post Graduate Student
A4426,Learning & Development Intern,Pursuing MBA
A4427,HR Operations Intern,Graduation (Final Year)
A4428,HR Operations Intern,Graduate
A4429,HR Operations Intern,Pursuing MBA
A4430,HR Intern,Graduation (Final Year)
A4431,HR Operations Intern,Pursuing MBA
A4432,HR Operations Intern,Graduate
A4433,HR Operations Intern,Pursuing MBA
A4434,Talent Acquisition Intern,Post Graduate Student
A4435,Talent Acquisition Intern,Post Graduate Student
A4436,HR Operations Intern,Graduate
A4437,Talent Acquisition Intern,Graduation (Final Year)
A4438,Recruitment Intern,Post Graduate Student
A4439,HR Operations Intern,Graduation (Final Year)
A4440,HR Operations Intern,Pursuing MBA
A4441,Talent Acquisition Intern,Graduate
A4442,HR Intern,Graduation (Final Year)
A4443,Learning & Development Intern,Pursuing MBA
A4444,Talent Acquisition Intern,Post Graduate Student
A4445,HR Operations Intern,Graduation (Final Year)
A4446,Talent Acquisition Intern,Graduation (Final Year)
A4447,Talent Acquisition Intern,Post Graduate Student
A4448,Talent Acquisition Intern,Pursuing MBA
A4449,HR Operations Intern,Graduation (Final Year)
A4450,HR Operations Intern,Pursuing MBA
A4451,Talent Acquisition Intern,Post Graduate Student
A4452,Learning & Development Intern,Graduate
A4453,Recruitment Intern,Post Graduate Student
A4454,HR Operations Intern,Post Graduate Student
A4455,Recruitment Intern,Graduation (Final Year)
A4456,HR Operations Intern,Pursuing MBA
A4457,Talent Acquisition Intern,Pursuing MBA
A4458,Talent Acquisition Intern,Post Graduate Student
A4459,HR Operations Intern,Graduate
A4460,HR Operations Intern,Graduate
A4461,Learning & Development Intern,Post Graduate Student
A4462,HR Operations Intern,Pursuing MBA
A4463,Recruitment Intern,Pursuing MBA
A4464,Recruitment Intern,Graduate
A4465,Talent Acquisition Intern,Pursuing MBA
A4466,HR Intern,Graduate
A4467,Recruitment Intern,Post Graduate Student
A4468,HR Operations Intern,Post Graduate Student
A4469,HR Intern,Graduation (Final Year)
A4470,HR Operations Intern,Graduation (Final Year)
A4471,HR Operations Intern,Pursuing MBA
A4472,HR Intern,Graduation (Final Year)
A4473,Recruitment Intern,Graduate
A4474,HR Operations Intern,Post Graduate Student
A4475,HR Intern,Graduation (Final Year)
A4476,Talent Acquisition Intern,Pursuing MBA
A4477,HR Intern,Graduate
A4478,Talent Acquisition Intern,Post Graduate Student
A4479,Recruitment Intern,Pursuing MBA
A4480,HR Operations Intern,Graduate
A4481,Learning & Development Intern,Post Graduate Student
A4482,Learning & Development Intern,Graduation (Final Year)
A4483,Talent Acquisition Intern,Graduate
A4484,Talent Acquisition Intern,Graduation (Final Year)
A4485,Talent Acquisition Intern,Post Graduate Student
A4486,Recruitment Intern,Graduation (Final Year)
A4487,Learning & Development Intern,Post Graduate Student
A4488,Learning & Development Intern,Graduate
A4489,Recruitment Intern,Graduate
A4490,HR Intern,Graduate
A4491,HR Operations Intern,Pursuing MBA
A4492,HR Intern,Graduate
A4493,Talent Acquisition Intern,Graduate
A4494,Recruitment Intern,Pursuing MBA
A4495,Learning & Development Intern,Pursuing MBA
A4496,HR Intern,Pursuing MBA
A4497,HR Operations Intern,Graduation (Final Year)
A4498,HR Operations Intern,Pursuing MBA
A4499,HR Intern,Post Graduate Student
A4500,HR Operations Intern,Graduate
A4501,HR Operations Intern,Pursuing MBA
A4502,Talent Acquisition Intern,Post Graduate Student
A4503,Talent Acquisition Intern,Graduation (Final Year)
A4504,Recruitment Intern,Graduate
A4505,Learning & Development Intern,Pursuing MBA
A4506,Learning & Development Intern,Graduate
A4507,HR Intern,Graduate
A4508,Talent Acquisition Intern,Post Graduate Student
A4509,Talent Acquisition Intern,Pursuing MBA
A4510,Recruitment Intern,Graduate
A4511,HR Intern,Pursuing MBA
A4512,HR Intern,Pursuing MBA
A4513,HR Operations Intern,Graduation (Final Year)
A4514,Recruitment Intern,Pursuing MBA
A4515,Learning & Development Intern,Graduation (Final Year)
A4516,HR Operations Intern,Pursuing MBA
A4517,Talent Acquisition Intern,Post Graduate Student
A4518,Talent Acquisition Intern,Post Graduate Student
A4519,Talent Acquisition Intern,Pursuing MBA
A4520,Recruitment Intern,Pursuing MBA
A4521,Recruitment Intern,Post Graduate Student
A4522,HR Operations Intern,Graduation (Final Year)
A4523,HR Operations Intern,Graduate
A4524,HR Intern,Post Graduate Student
A4525,HR Operations Intern,Graduation (Final Year)
A4526,Recruitment Intern,Post Graduate Student
A4527,Learning & Development Intern,Graduation (Final Year)
A4528,HR Operations Intern,Graduation (Final Year)
A4529,HR Operations Intern,Post Graduate Student
A4530,HR Intern,Graduate
A4531,Recruitment Intern,Graduate
A4532,HR Intern,Pursuing MBA
A4533,HR Intern,Graduate
A4534,Talent Acquisition Intern,Graduate
A4535,HR Intern,Pursuing MBA
A4536,Recruitment Intern,Graduation (Final Year)
A4537,Recruitment Intern,Graduate
A4538,Talent Acquisition Intern,Pursuing MBA
A4539,Talent Acquisition Intern,Post Graduate Student
A4540,HR Operations Intern,Post Graduate Student
A4541,Recruitment Intern,Post Graduate Student
A4542,Learning & Development Intern,Post Graduate Student
A4543,Talent Acquisition Intern,Post Graduate Student
A4544,Recruitment Intern,Pursuing MBA
A4545,Recruitment Intern,Post Graduate Student
A4546,HR Operations Intern,Graduate
A4547,Learning & Development Intern,Graduation (Final Year)
A4548,Recruitment Intern,Pursuing MBA
A4549,Talent Acquisition Intern,Post Graduate Student
A4550,Learning & Development Intern,Graduate
A4551,HR Operations Intern,Graduation (Final Year)
A4552,HR Operations Intern,Pursuing MBA
A4553,HR Intern,Pursuing MBA
A4554,HR Operations Intern,Graduate
A4555,Learning & Development Intern,Graduation (Final Year)
A4556,HR Operations Intern,Pursuing MBA
A4557,Talent Acquisition Intern,Pursuing MBA
A4558,Learning & Development Intern,Graduation (Final Year)
A4559,HR Intern,Graduate
A4560,HR Operations Intern,Graduate
A4561,Learning & Development Intern,Graduate
A4562,HR Operations Intern,Graduate
A4563,Talent Acquisition Intern,Graduate
A4564,HR Operations Intern,Graduation (Final Year)
A4565,HR Operations Intern,Graduate
A4566,HR Intern,Pursuing MBA
A4567,Talent Acquisition Intern,Pursuing MBA
A4568,Talent Acquisition Intern,Pursuing MBA
A4569,Learning & Development Intern,Graduation (Final Year)
A4570,HR Operations Intern,Graduate
A4571,HR Operations Intern,Pursuing MBA
A4572,Recruitment Intern,Graduation (Final Year)
A4573,HR Operations Intern,Pursuing MBA
A4574,Recruitment Intern,Pursuing MBA
A4575,HR Intern,Graduate
A4576,HR Intern,Post Graduate Student
A4577,Learning & Development Intern,Graduation (Final Year)
A4578,HR Intern,Graduation (Final Year)
A4579,HR Operations Intern,Post Graduate Student
A4580,Learning & Development Intern,Post Graduate Student
A4581,HR Operations Intern,Post Graduate Student
A4582,HR Intern,Post Graduate Student
A4583,HR Operations Intern,Graduate
A4584,HR Operations Intern,Pursuing MBA
A4585,HR Intern,Post Graduate Student
A4586,HR Operations Intern,Pursuing MBA
A4587,HR Operations Intern,Pursuing MBA
A4588,Learning & Development Intern,Graduation (Final Year)
A4589,HR Intern,Graduate
A4590,Learning & Development Intern,Pursuing MBA
A4591,Talent Acquisition Intern,Graduation (Final Year)
A4592,HR Operations Intern,Pursuing MBA
A4593,HR Intern,Post Graduate Student
A4594,HR Operations Intern,Pursuing MBA
A4595,HR Operations Intern,Post Graduate Student
A4596,HR Intern,Graduate
A4597,HR Operations Intern,Post Graduate Student
A4598,Learning & Development Intern,Graduation (Final Year)
A4599,Learning & Development Intern,Post Graduate Student
A4600,HR Operations Intern,Graduate
A4601,Learning & Development Intern,Graduate
A4602,HR Operations Intern,Pursuing MBA
A4603,Learning & Development Intern,Pursuing MBA
A4604,Learning & Development Intern,Post Graduate Student
A4605,HR Operations Intern,Graduate
A4606,Recruitment Intern,Pursuing MBA
A4607,Talent Acquisition Intern,Post Graduate Student
A4608,Learning & Development Intern,Graduate
A4609,HR Operations Intern,Post Graduate Student
A4610,Recruitment Intern,Pursuing MBA
A4611,Talent Acquisition Intern,Post Graduate Student
A4612,HR Operations Intern,Graduate
A4613,Talent Acquisition Intern,Graduation (Final Year)
A4614,HR Intern,Graduate
A4615,HR Intern,Graduation (Final Year)
A4616,Recruitment Intern,Pursuing MBA
A4617,Learning & Development Intern,Post Graduate Student
A4618,Learning & Development Intern,Graduation (Final Year)
A4619,Learning & Development Intern,Pursuing MBA
A4620,Talent Acquisition Intern,Graduation (Final Year)
A4621,Learning & Development Intern,Graduation (Final Year)
A4622,Recruitment Intern,Pursuing MBA
A4623,Learning & Development Intern,Pursuing MBA
A4624,Recruitment Intern,Pursuing MBA
A4625,Recruitment Intern,Graduate
A4626,Talent Acquisition Intern,Graduate
A4627,HR Operations Intern,Graduation (Final Year)
A4628,Recruitment Intern,Post Graduate Student
A4629,Learning & Development Intern,Post Graduate Student
A4630,HR Operations Intern,Graduation (Final Year)
A4631,HR Operations Intern,Post Graduate Student
A4632,Recruitment Intern,Pursuing MBA
A4633,Learning & Development Intern,Pursuing MBA
A4634,HR Operations Intern,Graduate
A4635,HR Operations Intern,Pursuing MBA
A4636,HR Operations Intern,Graduate
A4637,HR Operations Intern,Pursuing MBA
A4638,Talent Acquisition Intern,Graduation (Final Year)
A4639,Talent Acquisition Intern,Post Graduate Student
A4640,HR Operations Intern,Graduation (Final Year)
A4641,HR Operations Intern,Graduate
A4642,HR Operations Intern,Post Graduate Student
A4643,Recruitment Intern,Pursuing MBA
A4644,Talent Acquisition Intern,Post Graduate Student
A4645,HR Intern,Graduate
A4646,HR Operations Intern,Post Graduate Student
A4647,Learning & Development Intern,Graduation (Final Year)
A4648,HR Intern,Pursuing MBA
A4649,Learning & Development Intern,Pursuing MBA
A4650,Talent Acquisition Intern,Post Graduate Student
A4651,HR Intern,Post Graduate Student
A4652,Recruitment Intern,Pursuing MBA
A4653,Recruitment Intern,Post Graduate Student
A4654,HR Intern,Pursuing MBA
A4655,HR Operations Intern,Graduation (Final Year)
A4656,HR Intern,Graduate
A4657,HR Operations Intern,Pursuing MBA
A4658,HR Operations Intern,Graduate
A4659,Recruitment Intern,Graduate
A4660,HR Operations Intern,Graduate
A4661,Recruitment Intern,Pursuing MBA
A4662,HR Operations Intern,Graduation (Final Year)
A4663,HR Operations Intern,Pursuing MBA
A4664,HR Operations Intern,Post Graduate Student
A4665,HR Operations Intern,Graduate
A4666,Learning & Development Intern,Graduation (Final Year)
A4667,HR Operations Intern,Post Graduate Student
A4668,Learning & Development Intern,Pursuing MBA
A4669,Talent Acquisition Intern,Pursuing MBA
A4670,HR Operations Intern,Graduation (Final Year)
A4671,HR Operations Intern,Pursuing MBA
A4672,HR Operations Intern,Graduation (Final Year)
A4673,Recruitment Intern,Graduation (Final Year)
A4674,HR Operations Intern,Post Graduate Student
A4675,Talent Acquisition Intern,Post Graduate Student
A4676,HR Intern,Pursuing MBA
A4677,Recruitment Intern,Graduate
A4678,Learning & Development Intern,Graduation (Final Year)
A4679,HR Intern,Graduation (Final Year)
A4680,Talent Acquisition Intern,Graduate
A4681,HR Operations Intern,Post Graduate Student
A4682,Learning & Development Intern,Post Graduate Student
A4683,HR Operations Intern,Graduate
A4684,Recruitment Intern,Graduate
A4685,Learning & Development Intern,Graduation (Final Year)
A4686,HR Operations Intern,Post Graduate Student
A4687,HR Operations Intern,Graduate
A4688,Talent Acquisition Intern,Graduate
A4689,HR Operations Intern,Post Graduate Student
A4690,HR Intern,Post Graduate Student
A4691,Learning & Development Intern,Graduation (Final Year)
A4692,Recruitment Intern,Post Graduate Student
A4693,Recruitment Intern,Graduation (Final Year)
A4694,HR Operations Intern,Graduation (Final Year)
A4695,HR Intern,Post Graduate Student
A4696,HR Operations Intern,Pursuing MBA
A4697,Learning & Development Intern,Post Graduate Student
A4698,HR Operations Intern,Pursuing MBA
A4699,HR Operations Intern,Graduate
A4700,HR Operations Intern,Graduate
A4701,Recruitment Intern,Pursuing MBA
A4702,HR Operations Intern,Graduate
A4703,Recruitment Intern,Post Graduate Student
A4704,HR Operations Intern,Graduation (Final Year)
A4705,Talent Acquisition Intern,Graduation (Final Year)
A4706,HR Intern,Graduation (Final Year)
A4707,HR Operations Intern,Post Graduate Student
A4708,HR Operations Intern,Pursuing MBA
A4709,Learning & Development Intern,Graduation (Final Year)
A4710,HR Operations Intern,Pursuing MBA
A4711,HR Operations Intern,Pursuing MBA
A4712,HR Intern,Post Graduate Student
A4713,Recruitment Intern,Pursuing MBA
A4714,HR Operations Intern,Post Graduate Student
A4715,HR Operations Intern,Pursuing MBA
A4716,HR Operations Intern,Pursuing MBA
A4717,Talent Acquisition Intern,Post Graduate Student
A4718,Learning & Development Intern,Pursuing MBA
A4719,HR Operations Intern,Graduation (Final Year)
A4720,Talent Acquisition Intern,Pursuing MBA
A4721,HR Operations Intern,Post Graduate Student
A4722,Talent Acquisition Intern,Graduation (Final Year)
A4723,HR Operations Intern,Post Graduate Student
A4724,Learning & Development Intern,Post Graduate Student
A4725,HR Operations Intern,Pursuing MBA
A4726,Recruitment Intern,Pursuing MBA
A4727,HR Operations Intern,Pursuing MBA
A4728,HR Operations Intern,Pursuing MBA
A4729,HR Intern,Pursuing MBA
A4730,HR Operations Intern,Post Graduate Student
A4731,Recruitment Intern,Pursuing MBA
A4732,Recruitment Intern,Graduation (Final Year)
A4733,Talent Acquisition Intern,Pursuing MBA
A4734,HR Operations Intern,Pursuing MBA
A4735,Recruitment Intern,Pursuing MBA
A4736,HR Operations Intern,Post Graduate Student
A4737,Talent Acquisition Intern,Graduation (Final Year)
A4738,HR Operations Intern,Pursuing MBA
A4739,HR Operations Intern,Post Graduate Student
A4740,Learning & Development Intern,Pursuing MBA
A4741,HR Operations Intern,Post Graduate Student
A4742,Recruitment Intern,Pursuing MBA
A4743,HR Intern,Pursuing MBA
A4744,HR Operations Intern,Graduation (Final Year)
A4745,HR Intern,Graduation (Final Year)
A4746,Recruitment Intern,Graduate
A4747,Recruitment Intern,Graduation (Final Year)
A4748,HR Operations Intern,Pursuing MBA
A4749,Learning & Development Intern,Pursuing MBA
A4750,HR Operations Intern,Graduation (Final Year)
A4751,HR Operations Intern,Graduation (Final Year)
A4752,Recruitment Intern,Post Graduate Student
A4753,Learning & Development Intern,Post Graduate Student
A4754,HR Operations Intern,Post Graduate Student
A4755,HR Operations Intern,Post Graduate Student
A4756,HR Intern,Graduate
A4757,HR Intern,Pursuing MBA
A4758,Talent Acquisition Intern,Post Graduate Student
A4759,Talent Acquisition Intern,Pursuing MBA
A4760,Recruitment Intern,Graduation (Final Year)
A4761,HR Intern,Post Graduate Student
A4762,Talent Acquisition Intern,Graduation (Final Year)
A4763,HR Operations Intern,Graduation (Final Year)
A4764,HR Operations Intern,Pursuing MBA
A4765,Recruitment Intern,Graduation (Final Year)
A4766,Talent Acquisition Intern,Post Graduate Student
A4767,Learning & Development Intern,Graduate
A4768,HR Operations Intern,Pursuing MBA
A4769,Talent Acquisition Intern,Post Graduate Student
A4770,Talent Acquisition Intern,Pursuing MBA
A4771,HR Operations Intern,Post Graduate Student
A4772,HR Operations Intern,Graduate
A4773,Talent Acquisition Intern,Graduation (Final Year)
A4774,HR Intern,Graduate
A4775,Talent Acquisition Intern,Graduation (Final Year)
A4776,Learning & Development Intern,Post Graduate Student
A4777,HR Operations Intern,Graduation (Final Year)
A4778,Learning & Development Intern,Graduation (Final Year)
A4779,Talent Acquisition Intern,Graduation (Final Year)
A4780,HR Operations Intern,Graduation (Final Year)
A4781,Talent Acquisition Intern,Graduate
A4782,HR Operations Intern,Post Graduate Student
A4783,Talent Acquisition Intern,Graduation (Final Year)
A4784,HR Intern,Post Graduate Student
A4785,HR Operations Intern,Graduation (Final Year)
A4786,HR Operations Intern,Graduation (Final Year)
A4787,Talent Acquisition Intern,Graduation (Final Year)
A4788,Recruitment Intern,Pursuing MBA
A4789,HR Intern,Graduation (Final Year)
A4790,HR Operations Intern,Graduation (Final Year)
A4791,Talent Acquisition Intern,Graduation (Final Year)
A4792,HR Intern,Graduation (Final Year)
A4793,Learning & Development Intern,Graduation (Final Year)
A4794,HR Operations Intern,Graduate
A4795,HR Intern,Pursuing MBA
A4796,Learning & Development Intern,Graduation (Final Year)
A4797,Talent Acquisition Intern,Graduation (Final Year)
A4798,Recruitment Intern,Pursuing MBA
A4799,Talent Acquisition Intern,Pursuing MBA
A4800,HR Operations Intern,Graduate
A4801,Learning & Development Intern,Post Graduate Student
A4802,HR Operations Intern,Pursuing MBA
A4803,Learning & Development Intern,Graduate
A4804,Learning & Development Intern,Graduate
A4805,HR Operations Intern,Graduate
A4806,HR Intern,Graduate
A4807,HR Intern,Graduation (Final Year)
A4808,HR Operations Intern,Post Graduate Student
A4809,HR Intern,Pursuing MBA
A4810,HR Operations Intern,Graduation (Final Year)
A4811,Talent Acquisition Intern,Pursuing MBA
A4812,Talent Acquisition Intern,Post Graduate Student
A4813,HR Intern,Graduation (Final Year)
A4814,HR Operations Intern,Pursuing MBA
A4815,HR Operations Intern,Pursuing MBA
A4816,Talent Acquisition Intern,Post Graduate Student
A4817,HR Operations Intern,Graduate
A4818,Learning & Development Intern,Graduation (Final Year)
A4819,Learning & Development Intern,Graduation (Final Year)
A4820,Recruitment Intern,Graduate
A4821,HR Operations Intern,Pursuing MBA
A4822,HR Operations Intern,Graduation (Final Year)
A4823,Talent Acquisition Intern,Post Graduate Student
A4824,Talent Acquisition Intern,Graduation (Final Year)
A4825,HR Operations Intern,Pursuing MBA
A4826,HR Operations Intern,Graduation (Final Year)
A4827,Recruitment Intern,Post Graduate Student
A4828,HR Operations Intern,Post Graduate Student
A4829,HR Intern,Graduate
A4830,Recruitment Intern,Graduation (Final Year)
A4831,Talent Acquisition Intern,Graduation (Final Year)
A4832,HR Intern,Graduation (Final Year)
A4833,HR Intern,Graduation (Final Year)
A4834,HR Operations Intern,Graduate
A4835,Learning & Development Intern,Pursuing MBA
A4836,Learning & Development Intern,Post Graduate Student
A4837,Talent Acquisition Intern,Graduation (Final Year)
A4838,HR Intern,Graduate
A4839,Talent Acquisition Intern,Graduate
A4840,Recruitment Intern,Graduate
A4841,Talent Acquisition Intern,Graduation (Final Year)
A4842,Talent Acquisition Intern,Graduate
A4843,HR Intern,Pursuing MBA
A4844,HR Operations Intern,Graduate
A4845,Learning & Development Intern,Graduate
A4846,HR Intern,Post Graduate Student
A4847,HR Operations Intern,Post Graduate Student
A4848,HR Operations Intern,Graduation (Final Year)
A4849,Talent Acquisition Intern,Post Graduate Student
A4850,HR Intern,Graduate
A4851,Talent Acquisition Intern,Post Graduate Student
A4852,HR Operations Intern,Graduation (Final Year)
A4853,HR Operations Intern,Graduate
A4854,HR Operations Intern,Pursuing MBA
A4855,HR Operations Intern,Post Graduate Student
A4856,HR Operations Intern,Graduate
A4857,Recruitment Intern,Graduate
A4858,Recruitment Intern,Pursuing MBA
A4859,HR Operations Intern,Graduate
A4860,HR Operations Intern,Graduate
A4861,Talent Acquisition Intern,Pursuing MBA
A4862,Talent Acquisition Intern,Pursuing MBA
A4863,HR Operations Intern,Graduate
A4864,Learning & Development Intern,Pursuing MBA
A4865,Talent Acquisition Intern,Graduation (Final Year)
A4866,HR Operations Intern,Pursuing MBA
A4867,HR Intern,Graduation (Final Year)
A4868,Learning & Development Intern,Graduate
A4869,HR Intern,Graduate
A4870,HR Intern,Post Graduate Student
A4871,HR Operations Intern,Post Graduate Student
A4872,Recruitment Intern,Graduation (Final Year)
A4873,Talent Acquisition Intern,Pursuing MBA
A4874,HR Operations Intern,Graduation (Final Year)
A4875,HR Operations Intern,Post Graduate Student
A4876,Talent Acquisition Intern,Pursuing MBA
A4877,Learning & Development Intern,Graduate
A4878,HR Intern,Pursuing MBA
A4879,HR Operations Intern,Graduate
A4880,Learning & Development Intern,Graduation (Final Year)
A4881,HR Intern,Post Graduate Student
A4882,HR Operations Intern,Graduate
A4883,Learning & Development Intern,Post Graduate Student
A4884,HR Operations Intern,Pursuing MBA
A4885,HR Operations Intern,Graduation (Final Year)
A4886,Talent Acquisition Intern,Graduate
A4887,Talent Acquisition Intern,Graduate
A4888,HR Operations Intern,Graduate
A4889,Talent Acquisition Intern,Pursuing MBA
A4890,HR Operations Intern,Post Graduate Student
A4891,Talent Acquisition Intern,Graduate
A4892,Learning & Development Intern,Graduation (Final Year)
A4893,Talent Acquisition Intern,Post Graduate Student
A4894,HR Intern,Post Graduate Student
A4895,Talent Acquisition Intern,Graduate
A4896,HR Operations Intern,Graduate
A4897,HR Operations Intern,Post Graduate Student
A4898,HR Operations Intern,Post Graduate Student
A4899,HR Operations Intern,Post Graduate Student
A4900,HR Operations Intern,Pursuing MBA
A4901,Learning & Development Intern,Graduation (Final Year)
A4902,Recruitment Intern,Pursuing MBA
A4903,HR Operations Intern,Pursuing MBA
A4904,Learning & Development Intern,Pursuing MBA
A4905,Learning & Development Intern,Post Graduate Student
A4906,HR Intern,Pursuing MBA
A4907,HR Intern,Pursuing MBA
A4908,HR Intern,Pursuing MBA
A4909,HR Intern,Post Graduate Student
A4910,Talent Acquisition Intern,Graduation (Final Year)
A4911,Talent Acquisition Intern,Graduate
A4912,Talent Acquisition Intern,Graduation (Final Year)
A4913,HR Operations Intern,Graduation (Final Year)
A4914,HR Operations Intern,Graduation (Final Year)
A4915,HR Operations Intern,Graduate
A4916,HR Intern,Graduate
A4917,HR Operations Intern,Graduate
A4918,Talent Acquisition Intern,Pursuing MBA
A4919,Talent Acquisition Intern,Graduation (Final Year)
A4920,Recruitment Intern,Post Graduate Student
A4921,Learning & Development Intern,Post Graduate Student
A4922,Talent Acquisition Intern,Pursuing MBA
A4923,Learning & Development Intern,Graduate
A4924,HR Intern,Post Graduate Student
A4925,Recruitment Intern,Graduate
A4926,Learning & Development Intern,Graduate
A4927,Learning & Development Intern,Post Graduate Student
A4928,Recruitment Intern,Post Graduate Student
A4929,Learning & Development Intern,Post Graduate Student
A4930,Learning & Development Intern,Pursuing MBA
A4931,Talent Acquisition Intern,Graduation (Final Year)
A4932,HR Intern,Graduate
A4933,Recruitment Intern,Pursuing MBA
A4934,Learning & Development Intern,Graduate
A4935,Learning & Development Intern,Graduation (Final Year)
A4936,Talent Acquisition Intern,Post Graduate Student
A4937,Learning & Development Intern,Graduate
A4938,HR Operations Intern,Graduate
A4939,HR Operations Intern,Pursuing MBA
A4940,HR Operations Intern,Post Graduate Student
A4941,Learning & Development Intern,Graduation (Final Year)
A4942,HR Intern,Graduation (Final Year)
A4943,Talent Acquisition Intern,Graduate
A4944,HR Operations Intern,Graduate
A4945,HR Operations Intern,Pursuing MBA
A4946,HR Intern,Pursuing MBA
A4947,HR Operations Intern,Graduate
A4948,Talent Acquisition Intern,Graduate
A4949,HR Intern,Pursuing MBA
A4950,Learning & Development Intern,Graduation (Final Year)
A4951,HR Intern,Post Graduate Student
A4952,HR Intern,Graduation (Final Year)
A4953,HR Operations Intern,Pursuing MBA
A4954,Recruitment Intern,Post Graduate Student
A4955,Learning & Development Intern,Post Graduate Student
A4956,HR Operations Intern,Pursuing MBA
A4957,Talent Acquisition Intern,Pursuing MBA
A4958,HR Operations Intern,Post Graduate Student
A4959,Recruitment Intern,Post Graduate Student
A4960,HR Operations Intern,Post Graduate Student
A4961,Learning & Development Intern,Graduate
A4962,Talent Acquisition Intern,Graduate
A4963,HR Operations Intern,Graduation (Final Year)
A4964,Talent Acquisition Intern,Post Graduate Student
A4965,HR Operations Intern,Post Graduate Student
A4966,HR Intern,Graduate
A4967,Recruitment Intern,Pursuing MBA
A4968,Talent Acquisition Intern,Graduation (Final Year)
A4969,HR Operations Intern,Graduate
A4970,Learning & Development Intern,Graduate
A4971,Talent Acquisition Intern,Graduation (Final Year)
A4972,HR Operations Intern,Post Graduate Student
A4973,HR Intern,Pursuing MBA
A4974,HR Operations Intern,Graduate
A4975,Recruitment Intern,Pursuing MBA
A4976,HR Operations Intern,Graduate
A4977,Learning & Development Intern,Graduate
A4978,Recruitment Intern,Post Graduate Student
A4979,HR Intern,Post Graduate Student
A4980,HR Operations Intern,Pursuing MBA
A4981,HR Intern,Post Graduate Student
A4982,HR Operations Intern,Graduation (Final Year)
A4983,HR Intern,Graduate
A4984,Talent Acquisition Intern,Graduate
A4985,HR Intern,Post Graduate Student
A4986,Learning & Development Intern,Pursuing MBA
A4987,Recruitment Intern,Post Graduate Student
A4988,HR Intern,Pursuing MBA
A4989,HR Operations Intern,Graduate
A4990,Learning & Development Intern,Graduate
A4991,HR Intern,Graduation (Final Year)
A4992,Learning & Development Intern,Post Graduate Student
A4993,Talent Acquisition Intern,Post Graduate Student
A4994,Learning & Development Intern,Post Graduate Student
A4995,Recruitment Intern,Pursuing MBA
A4996,Recruitment Intern,Pursuing MBA
A4997,HR Operations Intern,Graduate
A4998,Talent Acquisition Intern,Post Graduate Student
A4999,HR Operations Intern,Graduate
A5000,HR Operations Intern,Post Graduate Student
A5001,Talent Acquisition Intern,Post Graduate Student
A5002,Learning & Development Intern,Post Graduate Student
A5003,HR Intern,Post Graduate Student
A5004,HR Intern,Graduation (Final Year)
A5005,Recruitment Intern,Graduation (Final Year)
A5006,HR Operations Intern,Post Graduate Student
A5007,Recruitment Intern,Graduation (Final Year)
A5008,HR Operations Intern,Post Graduate Student
A5009,Recruitment Intern,Pursuing MBA
A5010,Learning & Development Intern,Post Graduate Student
A5011,Recruitment Intern,Pursuing MBA
A5012,HR Operations Intern,Graduation (Final Year)
A5013,Learning & Development Intern,Post Graduate Student
A5014,HR Operations Intern,Pursuing MBA
A5015,Learning & Development Intern,Pursuing MBA
A5016,HR Intern,Graduate
A5017,HR Operations Intern,Pursuing MBA
A5018,Recruitment Intern,Graduation (Final Year)
A5019,HR Intern,Post Graduate Student
A5020,Learning & Development Intern,Pursuing MBA
A5021,HR Intern,Graduate
A5022,Learning & Development Intern,Graduation (Final Year)
A5023,Talent Acquisition Intern,Post Graduate Student
A5024,HR Operations Intern,Post Graduate Student
A5025,Learning & Development Intern,Pursuing MBA
A5026,HR Intern,Graduation (Final Year)
A5027,Talent Acquisition Intern,Graduation (Final Year)
A5028,HR Operations Intern,Graduate
A5029,HR Operations Intern,Post Graduate Student
A5030,HR Operations Intern,Graduation (Final Year)
A5031,Recruitment Intern,Post Graduate Student
A5032,Recruitment Intern,Pursuing MBA
A5033,HR Operations Intern,Pursuing MBA
A5034,HR Operations Intern,Graduate
A5035,HR Operations Intern,Graduate
A5036,HR Operations Intern,Pursuing MBA
A5037,HR Operations Intern,Post Graduate Student
A5038,HR Operations Intern,Graduation (Final Year)
A5039,Recruitment Intern,Pursuing MBA
A5040,HR Intern,Post Graduate Student
A5041,HR Operations Intern,Post Graduate Student
A5042,Talent Acquisition Intern,Pursuing MBA
A5043,Learning & Development Intern,Post Graduate Student
A5044,Talent Acquisition Intern,Graduate
A5045,Learning & Development Intern,Graduation (Final Year)
A5046,Learning & Development Intern,Pursuing MBA
A5047,HR Intern,Graduation (Final Year)
A5048,HR Operations Intern,Pursuing MBA
A5049,HR Operations Intern,Graduation (Final Year)
A5050,Talent Acquisition Intern,Post Graduate Student
A5051,HR Operations Intern,Graduate
A5052,HR Operations Intern,Graduate
A5053,HR Operations Intern,Graduation (Final Year)
A5054,Learning & Development Intern,Post Graduate Student
A5055,HR Operations Intern,Graduation (Final Year)
A5056,HR Operations Intern,Graduation (Final Year)
A5057,Talent Acquisition Intern,Graduation (Final Year)
A5058,Learning & Development Intern,Post Graduate Student
A5059,Learning & Development Intern,Graduate
A5060,Recruitment Intern,Graduate
A5061,Learning & Development Intern,Graduate
A5062,HR Operations Intern,Pursuing MBA
A5063,HR Intern,Graduation (Final Year)
A5064,Learning & Development Intern,Post Graduate Student
A5065,Recruitment Intern,Graduate
A5066,Talent Acquisition Intern,Graduate
A5067,HR Operations Intern,Graduation (Final Year)
A5068,HR Intern,Post Graduate Student
A5069,HR Operations Intern,Graduation (Final Year)
A5070,Learning & Development Intern,Post Graduate Student
A5071,Talent Acquisition Intern,Graduate
A5072,Learning & Development Intern,Graduate
A5073,Learning & Development Intern,Post Graduate Student
A5074,Recruitment Intern,Pursuing MBA
A5075,HR Operations Intern,Pursuing MBA
A5076,HR Operations Intern,Pursuing MBA
A5077,HR Operations Intern,Pursuing MBA
A5078,Learning & Development Intern,Graduation (Final Year)
A5079,HR Operations Intern,Graduate
A5080,Learning & Development Intern,Post Graduate Student
A5081,HR Operations Intern,Graduate
A5082,Talent Acquisition Intern,Pursuing MBA
A5083,Recruitment Intern,Graduation (Final Year)
A5084,Talent Acquisition Intern,Post Graduate Student
A5085,HR Operations Intern,Post Graduate Student
A5086,Talent Acquisition Intern,Graduate
A5087,Learning & Development Intern,Post Graduate Student
A5088,HR Operations Intern,Post Graduate Student
A5089,Talent Acquisition Intern,Post Graduate Student
A5090,HR Intern,Pursuing MBA
A5091,HR Intern,Graduation (Final Year)
A5092,HR Intern,Post Graduate Student
A5093,HR Operations Intern,Graduate
A5094,HR Operations Intern,Pursuing MBA
A5095,Recruitment Intern,Graduation (Final Year)
A5096,Recruitment Intern,Post Graduate Student
A5097,HR Intern,Post Graduate Student
A5098,Recruitment Intern,Graduation (Final Year)
A5099,Talent Acquisition Intern,Pursuing MBA
A5100,HR Operations Intern,Pursuing MBA
A5101,Learning & Development Intern,Graduation (Final Year)
A5102,Talent Acquisition Intern,Graduation (Final Year)
A5103,HR Operations Intern,Graduation (Final Year)
A5104,Talent Acquisition Intern,Graduation (Final Year)
A5105,HR Operations Intern,Post Graduate Student
A5106,HR Operations Intern,Post Graduate Student
A5107,HR Operations Intern,Graduation (Final Year)
A5108,HR Operations Intern,Pursuing MBA
A5109,HR Operations Intern,Post Graduate Student
A5110,Recruitment Intern,Pursuing MBA
A5111,HR Intern,Graduation (Final Year)
A5112,Recruitment Intern,Graduate
A5113,HR Operations Intern,Graduation (Final Year)
A5114,HR Operations Intern,Pursuing MBA
A5115,Talent Acquisition Intern,Graduate
A5116,HR Intern,Pursuing MBA
A5117,Talent Acquisition Intern,Post Graduate Student
A5118,Learning & Development Intern,Pursuing MBA
A5119,Learning & Development Intern,Graduation (Final Year)
A5120,HR Operations Intern,Pursuing MBA
A5121,HR Operations Intern,Graduate
A5122,Learning & Development Intern,Graduate
A5123,HR Intern,Graduate
A5124,HR Operations Intern,Graduation (Final Year)
A5125,Recruitment Intern,Post Graduate Student
A5126,Learning & Development Intern,Graduation (Final Year)
A5127,Learning & Development Intern,Post Graduate Student
A5128,HR Operations Intern,Pursuing MBA
A5129,HR Intern,Graduation (Final Year)
A5130,Learning & Development Intern,Pursuing MBA
A5131,HR Operations Intern,Graduation (Final Year)
A5132,Learning & Development Intern,Post Graduate Student
A5133,HR Operations Intern,Graduation (Final Year)
A5134,Recruitment Intern,Pursuing MBA
A5135,Talent Acquisition Intern,Pursuing MBA
A5136,Learning & Development Intern,Graduate
A5137,Learning & Development Intern,Graduate
A5138,Learning & Development Intern,Post Graduate Student
A5139,Learning & Development Intern,Graduation (Final Year)
A5140,Learning & Development Intern,Graduate
A5141,HR Intern,Pursuing MBA
A5142,Recruitment Intern,Graduation (Final Year)
A5143,Talent Acquisition Intern,Post Graduate Student
A5144,HR Operations Intern,Pursuing MBA
A5145,Learning & Development Intern,Graduate
A5146,HR Operations Intern,Graduate
A5147,HR Intern,Graduate
A5148,Learning & Development Intern,Post Graduate Student
A5149,HR Intern,Graduation (Final Year)
A5150,HR Intern,Graduate
A5151,HR Operations Intern,Pursuing MBA
A5152,Talent Acquisition Intern,Graduate
A5153,Talent Acquisition Intern,Graduation (Final Year)
A5154,Talent Acquisition Intern,Post Graduate Student
A5155,HR Operations Intern,Graduate
A5156,Learning & Development Intern,Graduation (Final Year)
A5157,HR Operations Intern,Pursuing MBA
A5158,HR Operations Intern,Graduate
A5159,HR Intern,Graduate
A5160,Recruitment Intern,Post Graduate Student
A5161,Recruitment Intern,Graduation (Final Year)
A5162,HR Intern,Pursuing MBA
A5163,Talent Acquisition Intern,Graduate
A5164,Learning & Development Intern,Pursuing MBA
A5165,Talent Acquisition Intern,Pursuing MBA
A5166,HR Operations Intern,Pursuing MBA
A5167,HR Operations Intern,Pursuing MBA
A5168,Recruitment Intern,Graduation (Final Year)
A5169,HR Operations Intern,Pursuing MBA
A5170,Talent Acquisition Intern,Graduate
A5171,Learning & Development Intern,Post Graduate Student
A5172,HR Operations Intern,Post Graduate Student
A5173,HR Operations Intern,Graduation (Final Year)
A5174,HR Operations Intern,Graduate
A5175,Talent Acquisition Intern,Graduate
A5176,Learning & Development Intern,Graduate
A5177,HR Operations Intern,Graduation (Final Year)
A5178,HR Operations Intern,Post Graduate Student
A5179,Recruitment Intern,Graduate
A5180,Learning & Development Intern,Post Graduate Student
A5181,Learning & Development Intern,Graduate
A5182,Talent Acquisition Intern,Post Graduate Student
A5183,Talent Acquisition Intern,Graduate
A5184,Talent Acquisition Intern,Post Graduate Student
A5185,Recruitment Intern,Graduate
A5186,Learning & Development Intern,Graduate
A5187,Learning & Development Intern,Post Graduate Student
A5188,Talent Acquisition Intern,Pursuing MBA
A5189,HR Operations Intern,Graduate
A5190,HR Operations Intern,Post Graduate Student
A5191,Recruitment Intern,Post Graduate Student
A5192,HR Operations Intern,Graduate
A5193,Recruitment Intern,Graduate
A5194,Talent Acquisition Intern,Pursuing MBA
A5195,HR Operations Intern,Graduate
A5196,HR Operations Intern,Graduate
A5197,Learning & Development Intern,Graduate
A5198,HR Operations Intern,Pursuing MBA
A5199,HR Operations Intern,Graduate
A5200,Learning & Development Intern,Graduate
A5201,Learning & Development Intern,Graduation (Final Year)
A5202,Recruitment Intern,Pursuing MBA
A5203,Talent Acquisition Intern,Pursuing MBA
A5204,HR Intern,Graduation (Final Year)
A5205,Learning & Development Intern,Graduation (Final Year)
A5206,Recruitment Intern,Pursuing MBA
A5207,HR Operations Intern,Post Graduate Student
A5208,HR Intern,Post Graduate Student
A5209,HR Intern,Graduation (Final Year)
A5210,HR Intern,Pursuing MBA
A5211,Recruitment Intern,Pursuing MBA
A5212,Learning & Development Intern,Pursuing MBA
A5213,HR Operations Intern,Pursuing MBA
A5214,Learning & Development Intern,Graduate
A5215,HR Operations Intern,Graduate
A5216,Recruitment Intern,Pursuing MBA
A5217,HR Operations Intern,Graduation (Final Year)
A5218,HR Operations Intern,Post Graduate Student
A5219,HR Intern,Graduate
A5220,Learning & Development Intern,Graduation (Final Year)
A5221,Learning & Development Intern,Graduation (Final Year)
A5222,HR Operations Intern,Pursuing MBA
A5223,Talent Acquisition Intern,Post Graduate Student
A5224,HR Operations Intern,Graduate
A5225,Learning & Development Intern,Post Graduate Student
A5226,HR Operations Intern,Graduate
A5227,Recruitment Intern,Post Graduate Student
A5228,Learning & Development Intern,Graduation (Final Year)
A5229,Talent Acquisition Intern,Graduate
A5230,HR Operations Intern,Graduate
A5231,HR Operations Intern,Graduation (Final Year)
A5232,HR Operations Intern,Post Graduate Student
A5233,Recruitment Intern,Graduate
A5234,Recruitment Intern,Pursuing MBA
A5235,Recruitment Intern,Pursuing MBA
A5236,HR Operations Intern,Graduation (Final Year)
A5237,HR Operations Intern,Pursuing MBA
A5238,Talent Acquisition Intern,Graduation (Final Year)
A5239,Learning & Development Intern,Post Graduate Student
A5240,Learning & Development Intern,Post Graduate Student
A5241,HR Operations Intern,Post Graduate Student
A5242,HR Intern,Graduate
A5243,HR Operations Intern,Pursuing MBA
A5244,HR Operations Intern,Graduate
A5245,Talent Acquisition Intern,Graduate
A5246,Talent Acquisition Intern,Graduation (Final Year)
A5247,HR Operations Intern,Post Graduate Student
A5248,HR Operations Intern,Post Graduate Student
A5249,Talent Acquisition Intern,Pursuing MBA
A5250,HR Operations Intern,Graduate
A5251,Learning & Development Intern,Pursuing MBA
A5252,HR Operations Intern,Post Graduate Student
A5253,HR Intern,Pursuing MBA
A5254,Learning & Development Intern,Graduate
A5255,Talent Acquisition Intern,Graduation (Final Year)
A5256,Recruitment Intern,Post Graduate Student
A5257,HR Operations Intern,Pursuing MBA
A5258,Learning & Development Intern,Pursuing MBA
A5259,HR Operations Intern,Post Graduate Student
A5260,HR Operations Intern,Pursuing MBA
A5261,Talent Acquisition Intern,Graduation (Final Year)
A5262,HR Operations Intern,Graduation (Final Year)
A5263,HR Operations Intern,Post Graduate Student
A5264,Recruitment Intern,Graduate
A5265,HR Operations Intern,Graduate
A5266,Recruitment Intern,Pursuing MBA
A5267,Learning & Development Intern,Post Graduate Student
A5268,HR Operations Intern,Graduate
A5269,Talent Acquisition Intern,Post Graduate Student
A5270,Talent Acquisition Intern,Graduate
A5271,Learning & Development Intern,Graduate
A5272,HR Operations Intern,Post Graduate Student
A5273,Learning & Development Intern,Pursuing MBA
A5274,Talent Acquisition Intern,Post Graduate Student
A5275,HR Intern,Graduation (Final Year)
A5276,HR Operations Intern,Post Graduate Student
A5277,Recruitment Intern,Graduate
A5278,HR Intern,Pursuing MBA
A5279,HR Operations Intern,Graduate
A5280,HR Operations Intern,Graduate
A5281,Talent Acquisition Intern,Graduation (Final Year)
A5282,Learning & Development Intern,Post Graduate Student
A5283,HR Operations Intern,Graduation (Final Year)
A5284,HR Operations Intern,Post Graduate Student
A5285,Recruitment Intern,Pursuing MBA
A5286,Learning & Development Intern,Graduation (Final Year)
A5287,HR Operations Intern,Pursuing MBA
A5288,Talent Acquisition Intern,Graduate
A5289,HR Operations Intern,Graduation (Final Year)
A5290,Learning & Development Intern,Graduate
A5291,HR Intern,Graduate
A5292,HR Operations Intern,Graduation (Final Year)
A5293,HR Operations Intern,Post Graduate Student
A5294,Learning & Development Intern,Post Graduate Student
A5295,HR Intern,Graduate
A5296,Learning & Development Intern,Graduate
A5297,HR Intern,Graduation (Final Year)
A5298,HR Operations Intern,Post Graduate Student
A5299,Recruitment Intern,Pursuing MBA
A5300,HR Operations Intern,Post Graduate Student
A5301,HR Operations Intern,Pursuing MBA
A5302,Learning & Development Intern,Graduation (Final Year)
A5303,HR Intern,Post Graduate Student
A5304,Talent Acquisition Intern,Pursuing MBA
A5305,HR Intern,Post Graduate Student
A5306,HR Intern,Graduate
A5307,HR Intern,Post Graduate Student
A5308,Recruitment Intern,Graduate
A5309,HR Operations Intern,Graduation (Final Year)
A5310,HR Operations Intern,Graduation (Final Year)
A5311,HR Intern,Post Graduate Student
A5312,HR Operations Intern,Graduation (Final Year)
A5313,HR Operations Intern,Pursuing MBA
A5314,Recruitment Intern,Graduate
A5315,HR Operations Intern,Post Graduate Student
A5316,HR Operations Intern,Post Graduate Student
A5317,HR Operations Intern,Graduate
A5318,HR Operations Intern,Pursuing MBA
A5319,HR Operations Intern,Post Graduate Student
A5320,HR Operations Intern,Graduate
A5321,HR Operations Intern,Graduation (Final Year)
A5322,Talent Acquisition Intern,Post Graduate Student
A5323,Learning & Development Intern,Post Graduate Student
A5324,Learning & Development Intern,Graduation (Final Year)
A5325,Talent Acquisition Intern,Post Graduate Student
A5326,Recruitment Intern,Graduation (Final Year)
A5327,Talent Acquisition Intern,Graduation (Final Year)
A5328,HR Operations Intern,Post Graduate Student
A5329,HR Intern,Pursuing MBA
A5330,Recruitment Intern,Pursuing MBA
A5331,Learning & Development Intern,Post Graduate Student
A5332,Recruitment Intern,Pursuing MBA
A5333,HR Intern,Post Graduate Student
A5334,HR Operations Intern,Graduate
A5335,HR Operations Intern,Pursuing MBA
A5336,HR Operations Intern,Post Graduate Student
A5337,Talent Acquisition Intern,Graduate
A5338,Learning & Development Intern,Graduate
A5339,HR Intern,Pursuing MBA
A5340,HR Intern,Post Graduate Student
A5341,HR Operations Intern,Pursuing MBA
A5342,Talent Acquisition Intern,Graduation (Final Year)
A5343,HR Intern,Graduation (Final Year)
A5344,Learning & Development Intern,Pursuing MBA
A5345,Learning & Development Intern,Graduate
A5346,HR Operations Intern,Post Graduate Student
A5347,Talent Acquisition Intern,Graduation (Final Year)
A5348,Learning & Development Intern,Graduate
A5349,Learning & Development Intern,Post Graduate Student
A5350,Learning & Development Intern,Graduation (Final Year)
A5351,Recruitment Intern,Graduate
A5352,HR Operations Intern,Graduate
A5353,HR Operations Intern,Graduation (Final Year)
A5354,Talent Acquisition Intern,Graduate
A5355,HR Operations Intern,Graduation (Final Year)
A5356,HR Intern,Graduation (Final Year)
A5357,Talent Acquisition Intern,Post Graduate Student
A5358,HR Operations Intern,Post Graduate Student
A5359,HR Operations Intern,Post Graduate Student
A5360,Learning & Development Intern,Graduate
A5361,Talent Acquisition Intern,Pursuing MBA
A5362,HR Operations Intern,Post Graduate Student
A5363,Learning & Development Intern,Graduate
A5364,Learning & Development Intern,Graduation (Final Year)
A5365,Learning & Development Intern,Pursuing MBA
A5366,Learning & Development Intern,Graduation (Final Year)
A5367,HR Operations Intern,Graduate
A5368,HR Operations Intern,Post Graduate Student
A5369,Talent Acquisition Intern,Pursuing MBA
A5370,HR Intern,Pursuing MBA
A5371,Learning & Development Intern,Graduation (Final Year)
A5372,Recruitment Intern,Pursuing MBA
A5373,HR Operations Intern,Post Graduate Student
A5374,HR Operations Intern,Post Graduate Student
A5375,HR Operations Intern,Graduation (Final Year)
A5376,HR Operations Intern,Graduation (Final Year)
A5377,HR Intern,Pursuing MBA
A5378,Talent Acquisition Intern,Graduation (Final Year)
A5379,HR Operations Intern,Pursuing MBA
A5380,HR Operations Intern,Graduate
A5381,HR Operations Intern,Graduation (Final Year)
A5382,Talent Acquisition Intern,Pursuing MBA
A5383,HR Operations Intern,Graduate
A5384,Learning & Development Intern,Graduate
A5385,Learning & Development Intern,Post Graduate Student
A5386,HR Operations Intern,Post Graduate Student
A5387,Learning & Development Intern,Graduation (Final Year)
A5388,HR Operations Intern,Pursuing MBA
A5389,Talent Acquisition Intern,Graduation (Final Year)
A5390,Learning & Development Intern,Pursuing MBA
A5391,Talent Acquisition Intern,Graduate
A5392,Learning & Development Intern,Graduate
A5393,HR Intern,Graduation (Final Year)
A5394,HR Intern,Graduation (Final Year)
A5395,Learning & Development Intern,Pursuing MBA
A5396,Recruitment Intern,Graduate
A5397,HR Intern,Graduate
A5398,Learning & Development Intern,Post Graduate Student
A5399,Learning & Development Intern,Graduation (Final Year)
A5400,Talent Acquisition Intern,Post Graduate Student
A5401,Recruitment Intern,Graduation (Final Year)
A5402,HR Intern,Pursuing MBA
A5403,Talent Acquisition Intern,Graduation (Final Year)
A5404,HR Intern,Graduate
A5405,Learning & Development Intern,Graduation (Final Year)
A5406,Learning & Development Intern,Post Graduate Student
A5407,Recruitment Intern,Pursuing MBA
A5408,HR Operations Intern,Graduate
A5409,HR Intern,Post Graduate Student
A5410,HR Operations Intern,Pursuing MBA
A5411,Learning & Development Intern,Graduation (Final Year)
A5412,Learning & Development Intern,Pursuing MBA
A5413,Recruitment Intern,Post Graduate Student
A5414,Recruitment Intern,Post Graduate Student
A5415,Talent Acquisition Intern,Post Graduate Student
A5416,Learning & Development Intern,Graduation (Final Year)
A5417,HR Operations Intern,Post Graduate Student
A5418,Talent Acquisition Intern,Post Graduate Student
A5419,Talent Acquisition Intern,Graduation (Final Year)
A5420,Talent Acquisition Intern,Graduate
A5421,HR Operations Intern,Pursuing MBA
A5422,Talent Acquisition Intern,Graduate
A5423,HR Intern,Post Graduate Student
A5424,Talent Acquisition Intern,Graduate
A5425,HR Operations Intern,Post Graduate Student
A5426,Learning & Development Intern,Graduate
A5427,HR Intern,Pursuing MBA
A5428,Talent Acquisition Intern,Graduate
A5429,Talent Acquisition Intern,Pursuing MBA
A5430,HR Operations Intern,Pursuing MBA
A5431,Recruitment Intern,Post Graduate Student
A5432,Learning & Development Intern,Graduation (Final Year)
A5433,HR Operations Intern,Graduation (Final Year)
A5434,Recruitment Intern,Graduation (Final Year)
A5435,HR Intern,Post Graduate Student
A5436,HR Intern,Graduate
A5437,Talent Acquisition Intern,Pursuing MBA
A5438,HR Operations Intern,Post Graduate Student
A5439,HR Operations Intern,Post Graduate Student
A5440,HR Intern,Graduation (Final Year)
A5441,Recruitment Intern,Graduation (Final Year)
A5442,Recruitment Intern,Post Graduate Student
A5443,Talent Acquisition Intern,Post Graduate Student
A5444,Learning & Development Intern,Graduation (Final Year)
A5445,HR Operations Intern,Post Graduate Student
A5446,Recruitment Intern,Pursuing MBA
A5447,Talent Acquisition Intern,Graduate
A5448,HR Intern,Post Graduate Student
A5449,HR Operations Intern,Graduate
A5450,Recruitment Intern,Post Graduate Student
A5451,Talent Acquisition Intern,Graduation (Final Year)
A5452,HR Operations Intern,Graduate
A5453,HR Intern,Graduation (Final Year)
A5454,Talent Acquisition Intern,Post Graduate Student
A5455,Recruitment Intern,Graduate
A5456,Talent Acquisition Intern,Post Graduate Student
A5457,HR Intern,Pursuing MBA
A5458,HR Operations Intern,Pursuing MBA
A5459,HR Intern,Pursuing MBA
A5460,HR Intern,Graduate
A5461,Talent Acquisition Intern,Graduation (Final Year)
A5462,HR Intern,Post Graduate Student
A5463,HR Intern,Post Graduate Student
A5464,Learning & Development Intern,Graduation (Final Year)
A5465,HR Operations Intern,Graduation (Final Year)
A5466,HR Operations Intern,Graduate
A5467,Recruitment Intern,Graduate
A5468,Learning & Development Intern,Graduation (Final Year)
A5469,Learning & Development Intern,Post Graduate Student
A5470,HR Operations Intern,Post Graduate Student
A5471,HR Operations Intern,Pursuing MBA
A5472,HR Operations Intern,Pursuing MBA
A5473,HR Operations Intern,Post Graduate Student
A5474,HR Operations Intern,Graduation (Final Year)
A5475,HR Operations Intern,Post Graduate Student
A5476,HR Intern,Graduate
A5477,HR Intern,Pursuing MBA
A5478,Talent Acquisition Intern,Graduate
A5479,Learning & Development Intern,Graduate
A5480,HR Operations Intern,Graduation (Final Year)
A5481,HR Intern,Graduate
A5482,HR Intern,Pursuing MBA
A5483,HR Operations Intern,Post Graduate Student
A5484,HR Operations Intern,Pursuing MBA
A5485,Talent Acquisition Intern,Graduation (Final Year)
A5486,HR Operations Intern,Post Graduate Student
A5487,Talent Acquisition Intern,Post Graduate Student
A5488,Recruitment Intern,Graduate
A5489,Learning & Development Intern,Pursuing MBA
A5490,Learning & Development Intern,Post Graduate Student
A5491,HR Operations Intern,Graduate
A5492,Learning & Development Intern,Pursuing MBA
A5493,Talent Acquisition Intern,Graduate
A5494,Talent Acquisition Intern,Post Graduate Student
A5495,HR Operations Intern,Post Graduate Student
A5496,HR Intern,Pursuing MBA
A5497,HR Operations Intern,Pursuing MBA
A5498,Learning & Development Intern,Pursuing MBA
A5499,HR Intern,Pursuing MBA
A5500,Recruitment Intern,Graduation (Final Year)
A5501,HR Operations Intern,Graduate
A5502,Learning & Development Intern,Post Graduate Student
A5503,HR Operations Intern,Graduation (Final Year)
A5504,Talent Acquisition Intern,Graduate
A5505,Talent Acquisition Intern,Graduation (Final Year)
A5506,Recruitment Intern,Graduation (Final Year)
A5507,HR Operations Intern,Post Graduate Student
A5508,Recruitment Intern,Pursuing MBA
A5509,Learning & Development Intern,Pursuing MBA
A5510,HR Operations Intern,Graduate
A5511,Talent Acquisition Intern,Pursuing MBA
A5512,Talent Acquisition Intern,Graduate
A5513,Talent Acquisition Intern,Post Graduate Student
A5514,Recruitment Intern,Pursuing MBA
A5515,Learning & Development Intern,Post Graduate Student
A5516,Learning & Development Intern,Graduate
A5517,HR Intern,Pursuing MBA
A5518,Recruitment Intern,Pursuing MBA
A5519,Learning & Development Intern,Graduation (Final Year)
A5520,Recruitment Intern,Post Graduate Student
A5521,HR Operations Intern,Graduate
A5522,Talent Acquisition Intern,Graduate
A5523,Talent Acquisition Intern,Post Graduate Student
A5524,HR Operations Intern,Graduate
A5525,HR Intern,Post Graduate Student
A5526,HR Operations Intern,Graduate
A5527,Recruitment Intern,Post Graduate Student
A5528,HR Operations Intern,Graduation (Final Year)
A5529,Learning & Development Intern,Pursuing MBA
A5530,HR Operations Intern,Graduate
A5531,Recruitment Intern,Post Graduate Student
A5532,Recruitment Intern,Graduation (Final Year)
A5533,HR Intern,Pursuing MBA
A5534,HR Operations Intern,Graduate
A5535,HR Intern,Graduate
A5536,Talent Acquisition Intern,Graduation (Final Year)
A5537,HR Operations Intern,Graduate
A5538,Learning & Development Intern,Graduate
A5539,HR Operations Intern,Pursuing MBA
A5540,Learning & Development Intern,Graduate
A5541,Talent Acquisition Intern,Graduate
A5542,Learning & Development Intern,Post Graduate Student
A5543,HR Operations Intern,Graduate
A5544,Recruitment Intern,Pursuing MBA
A5545,HR Operations Intern,Post Graduate Student
A5546,HR Operations Intern,Pursuing MBA
A5547,HR Intern,Graduation (Final Year)
A5548,HR Operations Intern,Post Graduate Student
A5549,Talent Acquisition Intern,Post Graduate Student
A5550,Talent Acquisition Intern,Pursuing MBA
A5551,HR Operations Intern,Pursuing MBA
A5552,Recruitment Intern,Post Graduate Student
A5553,HR Intern,Pursuing MBA
A5554,HR Intern,Pursuing MBA
A5555,Recruitment Intern,Pursuing MBA
A5556,Talent Acquisition Intern,Graduation (Final Year)
A5557,Talent Acquisition Intern,Post Graduate Student
A5558,Talent Acquisition Intern,Graduate
A5559,HR Intern,Graduation (Final Year)
A5560,HR Intern,Graduate
A5561,HR Operations Intern,Pursuing MBA
A5562,Learning & Development Intern,Graduation (Final Year)
A5563,HR Intern,Graduate
A5564,Talent Acquisition Intern,Post Graduate Student
A5565,HR Intern,Post Graduate Student
A5566,Learning & Development Intern,Graduation (Final Year)
A5567,HR Operations Intern,Graduate
A5568,HR Operations Intern,Pursuing MBA
A5569,Learning & Development Intern,Pursuing MBA
A5570,HR Operations Intern,Graduate
A5571,HR Operations Intern,Post Graduate Student
A5572,Learning & Development Intern,Pursuing MBA
A5573,HR Intern,Graduate
A5574,Recruitment Intern,Graduate
A5575,HR Operations Intern,Pursuing MBA
A5576,Talent Acquisition Intern,Post Graduate Student
A5577,HR Operations Intern,Pursuing MBA
A5578,HR Intern,Pursuing MBA
A5579,Talent Acquisition Intern,Graduation (Final Year)
A5580,Recruitment Intern,Post Graduate Student
A5581,HR Operations Intern,Pursuing MBA
A5582,Recruitment Intern,Pursuing MBA
A5583,HR Operations Intern,Graduation (Final Year)
A5584,HR Intern,Pursuing MBA
A5585,HR Operations Intern,Pursuing MBA
A5586,Learning & Development Intern,Graduation (Final Year)
A5587,Learning & Development Intern,Graduate
A5588,HR Intern,Graduate
A5589,HR Intern,Graduate
A5590,HR Intern,Post Graduate Student
A5591,Recruitment Intern,Graduate
A5592,Talent Acquisition Intern,Post Graduate Student
A5593,Recruitment Intern,Graduation (Final Year)
A5594,HR Operations Intern,Graduation (Final Year)
A5595,HR Intern,Graduate
A5596,Talent Acquisition Intern,Pursuing MBA
A5597,Learning & Development Intern,Graduation (Final Year)
A5598,Talent Acquisition Intern,Graduation (Final Year)
A5599,HR Operations Intern,Post Graduate Student
A5600,HR Operations Intern,Graduation (Final Year)
A5601,Learning & Development Intern,Graduate
A5602,Recruitment Intern,Graduation (Final Year)
A5603,Recruitment Intern,Graduation (Final Year)
A5604,HR Operations Intern,Graduate
A5605,HR Operations Intern,Post Graduate Student
A5606,HR Intern,Pursuing MBA
A5607,HR Operations Intern,Pursuing MBA
A5608,HR Operations Intern,Graduate
A5609,Learning & Development Intern,Graduate
A5610,HR Operations Intern,Pursuing MBA
A5611,HR Intern,Graduation (Final Year)
A5612,HR Intern,Graduate
A5613,HR Operations Intern,Graduate
A5614,Learning & Development Intern,Pursuing MBA
A5615,HR Intern,Graduate
A5616,Recruitment Intern,Post Graduate Student
A5617,HR Intern,Post Graduate Student
A5618,HR Operations Intern,Graduation (Final Year)
A5619,HR Intern,Post Graduate Student
A5620,HR Operations Intern,Graduate
A5621,Talent Acquisition Intern,Graduation (Final Year)
A5622,HR Operations Intern,Post Graduate Student
A5623,HR Intern,Pursuing MBA
A5624,Talent Acquisition Intern,Graduation (Final Year)
A5625,Learning & Development Intern,Graduate
A5626,HR Operations Intern,Pursuing MBA
A5627,HR Operations Intern,Graduate
A5628,Learning & Development Intern,Pursuing MBA
A5629,HR Operations Intern,Pursuing MBA
A5630,HR Intern,Post Graduate Student
A5631,HR Operations Intern,Pursuing MBA
A5632,Talent Acquisition Intern,Post Graduate Student
A5633,Recruitment Intern,Post Graduate Student
A5634,Recruitment Intern,Graduation (Final Year)
A5635,Recruitment Intern,Post Graduate Student
A5636,Talent Acquisition Intern,Graduate
A5637,HR Intern,Post Graduate Student
A5638,Learning & Development Intern,Graduate
A5639,Talent Acquisition Intern,Post Graduate Student
A5640,Talent Acquisition Intern,Pursuing MBA
A5641,Learning & Development Intern,Post Graduate Student
A5642,HR Operations Intern,Pursuing MBA
A5643,HR Intern,Post Graduate Student
A5644,HR Operations Intern,Pursuing MBA
A5645,HR Operations Intern,Graduate
A5646,HR Operations Intern,Graduate
A5647,HR Intern,Graduation (Final Year)
A5648,Learning & Development Intern,Graduate
A5649,Learning & Development Intern,Pursuing MBA
A5650,HR Operations Intern,Post Graduate Student
A5651,Learning & Development Intern,Post Graduate Student
A5652,HR Operations Intern,Pursuing MBA
A5653,Talent Acquisition Intern,Pursuing MBA
A5654,HR Operations Intern,Graduate
A5655,HR Operations Intern,Post Graduate Student
A5656,HR Intern,Graduation (Final Year)
A5657,Talent Acquisition Intern,Pursuing MBA
A5658,HR Operations Intern,Pursuing MBA
A5659,Recruitment Intern,Post Graduate Student
A5660,HR Operations Intern,Graduation (Final Year)
A5661,HR Operations Intern,Graduate
A5662,Learning & Development Intern,Graduate
A5663,Recruitment Intern,Post Graduate Student
A5664,Talent Acquisition Intern,Graduation (Final Year)
A5665,HR Operations Intern,Graduation (Final Year)
A5666,HR Operations Intern,Post Graduate Student
A5667,Learning & Development Intern,Graduation (Final Year)
A5668,HR Intern,Post Graduate Student
A5669,HR Operations Intern,Graduate
A5670,HR Intern,Pursuing MBA
A5671,HR Operations Intern,Graduation (Final Year)
A5672,Talent Acquisition Intern,Graduate
A5673,HR Operations Intern,Graduation (Final Year)
A5674,Talent Acquisition Intern,Pursuing MBA
A5675,HR Intern,Post Graduate Student
A5676,HR Intern,Post Graduate Student
A5677,Talent Acquisition Intern,Graduate
A5678,HR Intern,Pursuing MBA
A5679,HR Operations Intern,Pursuing MBA
A5680,HR Operations Intern,Post Graduate Student
A5681,HR Operations Intern,Post Graduate Student
A5682,HR Operations Intern,Pursuing MBA
A5683,HR Operations Intern,Graduation (Final Year)
A5684,Recruitment Intern,Pursuing MBA
A5685,HR Intern,Pursuing MBA
A5686,Recruitment Intern,Graduation (Final Year)
A5687,Talent Acquisition Intern,Graduate
A5688,HR Intern,Pursuing MBA
A5689,Recruitment Intern,Graduate
A5690,Learning & Development Intern,Pursuing MBA
A5691,Talent Acquisition Intern,Pursuing MBA
A5692,HR Operations Intern,Graduation (Final Year)
A5693,HR Operations Intern,Post Graduate Student
A5694,Learning & Development Intern,Post Graduate Student
A5695,HR Intern,Graduate
A5696,HR Operations Intern,Graduate
A5697,Learning & Development Intern,Graduation (Final Year)
A5698,HR Operations Intern,Pursuing MBA
A5699,HR Operations Intern,Post Graduate Student
A5700,Recruitment Intern,Post Graduate Student
A5701,Talent Acquisition Intern,Post Graduate Student
A5702,Recruitment Intern,Post Graduate Student
A5703,HR Operations Intern,Graduate
A5704,HR Operations Intern,Graduate
A5705,HR Intern,Graduation (Final Year)
A5706,HR Operations Intern,Post Graduate Student
A5707,HR Operations Intern,Graduation (Final Year)
A5708,Learning & Development Intern,Graduation (Final Year)
A5709,HR Operations Intern,Post Graduate Student
A5710,Talent Acquisition Intern,Graduation (Final Year)
A5711,Recruitment Intern,Graduate
A5712,Learning & Development Intern,Graduate
A5713,HR Operations Intern,Pursuing MBA
A5714,Talent Acquisition Intern,Pursuing MBA
A5715,Talent Acquisition Intern,Graduate
A5716,HR Operations Intern,Pursuing MBA
A5717,HR Operations Intern,Graduate
A5718,HR Operations Intern,Graduation (Final Year)
A5719,HR Operations Intern,Pursuing MBA
A5720,HR Operations Intern,Pursuing MBA
A5721,Recruitment Intern,Graduate
A5722,HR Operations Intern,Graduate
A5723,HR Intern,Post Graduate Student
A5724,Learning & Development Intern,Post Graduate Student
A5725,Recruitment Intern,Graduate
A5726,Learning & Development Intern,Post Graduate Student
A5727,HR Operations Intern,Graduation (Final Year)
A5728,Learning & Development Intern,Pursuing MBA
A5729,Learning & Development Intern,Post Graduate Student
A5730,HR Operations Intern,Graduate
A5731,HR Intern,Post Graduate Student
A5732,Recruitment Intern,Post Graduate Student
A5733,HR Intern,Graduation (Final Year)
A5734,Talent Acquisition Intern,Pursuing MBA
A5735,HR Operations Intern,Post Graduate Student
A5736,HR Operations Intern,Graduate
A5737,HR Operations Intern,Post Graduate Student
A5738,HR Operations Intern,Graduation (Final Year)
A5739,HR Operations Intern,Post Graduate Student
A5740,HR Operations Intern,Post Graduate Student
A5741,HR Operations Intern,Pursuing MBA
A5742,HR Intern,Pursuing MBA
A5743,HR Operations Intern,Post Graduate Student
A5744,HR Operations Intern,Graduate
A5745,HR Intern,Graduation (Final Year)
A5746,Recruitment Intern,Pursuing MBA
A5747,HR Operations Intern,Graduate
A5748,HR Operations Intern,Pursuing MBA
A5749,Learning & Development Intern,Graduate
A5750,HR Operations Intern,Graduation (Final Year)
A5751,HR Intern,Pursuing MBA
A5752,HR Operations Intern,Graduation (Final Year)
A5753,Recruitment Intern,Post Graduate Student
A5754,Recruitment Intern,Post Graduate Student
A5755,HR Operations Intern,Graduation (Final Year)
A5756,HR Operations Intern,Graduate
A5757,HR Operations Intern,Post Graduate Student
A5758,HR Operations Intern,Post Graduate Student
A5759,Recruitment Intern,Graduate
A5760,HR Operations Intern,Graduation (Final Year)
A5761,HR Intern,Pursuing MBA
A5762,HR Intern,Pursuing MBA
A5763,Recruitment Intern,Graduation (Final Year)
A5764,Learning & Development Intern,Graduate
A5765,Recruitment Intern,Graduate
A5766,Talent Acquisition Intern,Graduation (Final Year)
A5767,Recruitment Intern,Graduate
A5768,Learning & Development Intern,Post Graduate Student
A5769,Recruitment Intern,Pursuing MBA
A5770,HR Intern,Graduate
A5771,HR Operations Intern,Pursuing MBA
A5772,HR Operations Intern,Graduate
A5773,Talent Acquisition Intern,Post Graduate Student
A5774,Recruitment Intern,Graduate
A5775,Recruitment Intern,Graduate
A5776,HR Operations Intern,Graduate
A5777,Talent Acquisition Intern,Pursuing MBA
A5778,Learning & Development Intern,Post Graduate Student
A5779,Recruitment Intern,Pursuing MBA
A5780,HR Operations Intern,Graduation (Final Year)
A5781,HR Operations Intern,Graduate
A5782,Talent Acquisition Intern,Post Graduate Student
A5783,Talent Acquisition Intern,Post Graduate Student
A5784,Talent Acquisition Intern,Post Graduate Student
A5785,HR Intern,Graduation (Final Year)
A5786,Recruitment Intern,Graduate
A5787,HR Intern,Graduation (Final Year)
A5788,HR Operations Intern,Pursuing MBA
A5789,HR Operations Intern,Pursuing MBA
A5790,HR Operations Intern,Pursuing MBA
A5791,Learning & Development Intern,Pursuing MBA
A5792,HR Intern,Graduation (Final Year)
A5793,HR Intern,Graduate
A5794,HR Operations Intern,Graduation (Final Year)
A5795,HR Intern,Graduate
A5796,Talent Acquisition Intern,Post Graduate Student
A5797,Recruitment Intern,Graduate
A5798,Talent Acquisition Intern,Graduation (Final Year)
A5799,HR Intern,Graduate
A5800,HR Intern,Pursuing MBA
A5801,HR Intern,Graduate
A5802,HR Intern,Graduate
A5803,HR Intern,Pursuing MBA
A5804,Learning & Development Intern,Graduation (Final Year)
A5805,Learning & Development Intern,Pursuing MBA
A5806,Talent Acquisition Intern,Post Graduate Student
A5807,Learning & Development Intern,Graduation (Final Year)
A5808,HR Intern,Post Graduate Student
A5809,Learning & Development Intern,Pursuing MBA
A5810,HR Intern,Post Graduate Student
A5811,HR Operations Intern,Post Graduate Student
A5812,Recruitment Intern,Graduate
A5813,Learning & Development Intern,Graduation (Final Year)
A5814,HR Operations Intern,Graduate
A5815,Recruitment Intern,Graduate
A5816,Recruitment Intern,Post Graduate Student
A5817,Learning & Development Intern,Pursuing MBA
A5818,HR Intern,Graduation (Final Year)
A5819,HR Operations Intern,Graduate
A5820,Talent Acquisition Intern,Graduate
A5821,HR Operations Intern,Graduation (Final Year)
A5822,Learning & Development Intern,Pursuing MBA
A5823,Learning & Development Intern,Pursuing MBA
A5824,HR Operations Intern,Pursuing MBA
A5825,Recruitment Intern,Graduation (Final Year)
A5826,HR Operations Intern,Graduation (Final Year)
A5827,Talent Acquisition Intern,Graduate
A5828,Learning & Development Intern,Pursuing MBA
A5829,Talent Acquisition Intern,Post Graduate Student
A5830,Talent Acquisition Intern,Post Graduate Student
A5831,HR Intern,Post Graduate Student
A5832,HR Intern,Graduation (Final Year)
A5833,HR Operations Intern,Post Graduate Student
A5834,HR Operations Intern,Pursuing MBA
A5835,Learning & Development Intern,Graduation (Final Year)
A5836,HR Intern,Graduation (Final Year)
A5837,HR Operations Intern,Graduate
A5838,HR Intern,Pursuing MBA
A5839,Learning & Development Intern,Graduation (Final Year)
A5840,Talent Acquisition Intern,Pursuing MBA
A5841,HR Intern,Post Graduate Student
A5842,HR Operations Intern,Post Graduate Student
A5843,HR Operations Intern,Graduate
A5844,Learning & Development Intern,Graduation (Final Year)
A5845,Recruitment Intern,Post Graduate Student
A5846,Recruitment Intern,Post Graduate Student
A5847,HR Operations Intern,Pursuing MBA
A5848,Talent Acquisition Intern,Graduation (Final Year)
A5849,HR Intern,Post Graduate Student
A5850,HR Intern,Graduate
A5851,Talent Acquisition Intern,Post Graduate Student
A5852,HR Operations Intern,Post Graduate Student
A5853,Talent Acquisition Intern,Graduate
A5854,HR Operations Intern,Pursuing MBA
A5855,HR Operations Intern,Graduation (Final Year)
A5856,Recruitment Intern,Graduate
A5857,HR Operations Intern,Graduation (Final Year)
A5858,HR Operations Intern,Pursuing MBA
A5859,HR Operations Intern,Pursuing MBA
A5860,HR Operations Intern,Pursuing MBA
A5861,HR Operations Intern,Graduate
A5862,Learning & Development Intern,Pursuing MBA
A5863,HR Intern,Graduate
A5864,Recruitment Intern,Pursuing MBA
A5865,HR Intern,Graduate
